exposure,exposure_group,outcome,outcome_label,outcome_group,n,beta,se,p,d1_pass,beta_L0,beta_L0_L1,beta_full,d4_rel_shift,d4_sign_stable,d4_pass,beta_no_ahpvt,se_no_ahpvt,p_no_ahpvt,d1_q
IDGX2,peer_network,H4BMI,S27 BMI—W4,cardiometabolic,3234,-0.19985610944848214,0.031856308728864954,6.828839493877581e-09,True,-0.24129591757928487,-0.20767576380861766,-0.19985610944848214,0.20734821790116384,True,True,,,,1.6389214785306194e-07
IDGX2,peer_network,H4SBP,S27 SYSTOLIC BLOOD PRESSURE—W4,cardiometabolic,3197,-0.08417229006833396,0.07567934703513746,0.2684240508286666,False,-0.09843318862627853,-0.06032319589855473,-0.08417229006833396,0.4527617425732958,True,False,,,,0.6888391576744928
IDGX2,peer_network,H4DBP,S27 DIASTOLIC BLOOD PRESSURE—W4,cardiometabolic,3197,-0.09307794548019771,0.053818919614208136,0.08648093000053225,False,-0.10888673784637123,-0.08380539520470132,-0.09307794548019771,0.26946601058148584,True,True,,,,0.7320406064578797
IDGX2,peer_network,H4WAIST,S27 MEASURED WAIST (CM)—W4,cardiometabolic,3250,-0.5138444657946202,0.06876838853500078,1.8672174917355733e-11,True,-0.606717137579309,-0.5329220183215785,-0.5138444657946202,0.1807408232782434,True,True,,,,4.481321980165376e-10
IDGX2,peer_network,H4BMICLS,S27 BMI CLASS—W4,cardiometabolic,3234,-0.03227963373661734,0.0055184732919598125,4.973692524501416e-08,True,-0.039057274085767535,-0.03335567783188726,-0.03227963373661734,0.20996645762624572,True,True,,,,1.19368620588034e-06
IDGX2,peer_network,H5MN1,S13Q1 LAST MO NO CNTRL IMPORT THINGS—W5,mental_health,2387,-0.013263398943864614,0.00678758185989501,0.05318621434999882,False,-0.016591336798988596,-0.012348608765194802,-0.013263398943864614,0.31988241111878757,True,False,,,,0.2533502773247438
IDGX2,peer_network,H5MN2,S13Q2 LAST MO CONFID HANDLE PERS PBMS—W5,mental_health,2380,0.01079859824293973,0.005544796023053858,0.053975508244770154,False,0.015251074886487522,0.010664968565486085,0.01079859824293973,0.42469459626390815,True,False,,,,0.20134530828894884
IDGX2,peer_network,H5ID1,S5Q1 HOW IS GEN PHYSICAL HEALTH—W5,functional,2438,-0.021554909266918932,0.00486438777032561,2.1945772989528933e-05,True,-0.030397149202475358,-0.02198122688897557,-0.021554909266918932,0.4102193067046178,True,False,,,,0.0005266985517486944
IDGX2,peer_network,H5ID4,S5Q4 LIMIT CLIMB SEV. FLIGHT STAIRS—W5,functional,2439,-0.010678221884171592,0.002913685400687106,0.0003798234264653644,True,-0.013599171468562314,-0.01047121059570948,-0.010678221884171592,0.2929290013620558,True,True,,,,0.009115762235168745
IDGX2,peer_network,H5ID16,S5Q16 HOW OFTEN TROUBLE SLEEPING—W5,functional,2437,0.0028312113082065255,0.008666462834300465,0.7445151691810923,False,-0.0004082699919968225,0.004762501568798485,0.0028312113082065255,1.82634603987606,False,False,,,,0.9877576717173318
IDGX2,peer_network,H5LM5,S3Q5 CURRENTLY WORK—W5,ses,2436,-0.0059803163997328036,0.002300184715780749,0.010580759184170896,True,-0.007277581726831003,-0.006260271204972081,-0.0059803163997328036,0.2169225238912377,True,True,-0.006260271204972081,0.0022371010190646596,0.006048501457626143,0.14063764568134607
IDGX2,peer_network,H5EC1,S4Q1 INCOME PERS EARNINGS [W4–W5]—W5,ses,2413,0.07176682521228155,0.01854569071851048,0.0001835004446339994,True,0.08221316198486413,0.06719564861075492,0.07176682521228155,0.20925425263955033,True,True,0.06719564861075492,0.018758151082889474,0.0005055122904744636,0.0011274699994490156
ODGX2,self_network,H4BMI,S27 BMI—W4,cardiometabolic,3234,-0.008641091267448428,0.05466200450832304,0.8746766757574058,False,-0.05328918598555829,-0.016764647958074752,-0.008641091267448428,5.166950948232921,True,False,,,,0.9705162251586485
ODGX2,self_network,H4SBP,S27 SYSTOLIC BLOOD PRESSURE—W4,cardiometabolic,3197,-0.0447261728744737,0.08852658439363795,0.6143909667193328,False,-0.07810223093534177,-0.036128828033083774,-0.0447261728744737,0.938452816431634,True,False,,,,0.8711033096601266
ODGX2,self_network,H4DBP,S27 DIASTOLIC BLOOD PRESSURE—W4,cardiometabolic,3197,-0.004949663278347866,0.06718951253316202,0.9414066044962288,False,-0.03165906867947832,-0.0018256125575132273,-0.004949663278347866,6.027370842067285,True,False,,,,0.9933502241857104
ODGX2,self_network,H4WAIST,S27 MEASURED WAIST (CM)—W4,cardiometabolic,3250,-0.15332415992473744,0.12258977474252145,0.21364713491423304,False,-0.25369362486900643,-0.17389812390855747,-0.15332415992473744,0.6546226308595955,True,False,,,,0.4272942698284661
ODGX2,self_network,H4BMICLS,S27 BMI CLASS—W4,cardiometabolic,3234,0.0016253413595055091,0.009066962232682822,0.8580576448592769,False,-0.004918982797371973,0.0013058290889042454,0.0016253413595055091,4.02643058247685,False,False,,,,0.9440673232105459
ODGX2,self_network,H5MN1,S13Q1 LAST MO NO CNTRL IMPORT THINGS—W5,mental_health,2387,-0.017351679224356487,0.008939543119264867,0.054770718977689814,False,-0.023238193325418377,-0.016731018335512878,-0.017351679224356487,0.3750170174176227,True,False,,,,0.2533502773247438
ODGX2,self_network,H5MN2,S13Q2 LAST MO CONFID HANDLE PERS PBMS—W5,mental_health,2380,0.01130224663844264,0.007303959107347557,0.12458458808823525,False,0.015562819758697376,0.00884837421452217,0.01130224663844264,0.5940806070659598,True,False,,,,0.21357357957983183
ODGX2,self_network,H5ID1,S5Q1 HOW IS GEN PHYSICAL HEALTH—W5,functional,2438,-0.01748976997478817,0.0076779859863634935,0.02462933556886071,True,-0.028454614690862964,-0.018416616833183803,-0.01748976997478817,0.6269290409125348,True,False,,,,0.06567822818362856
ODGX2,self_network,H5ID4,S5Q4 LIMIT CLIMB SEV. FLIGHT STAIRS—W5,functional,2439,-0.009903431312327576,0.004042042828341208,0.01582932984501717,True,-0.012963471760632323,-0.009385367418999471,-0.009903431312327576,0.36129945559160953,True,False,,,,0.054271988040058866
ODGX2,self_network,H5ID16,S5Q16 HOW OFTEN TROUBLE SLEEPING—W5,functional,2437,-0.0053256460051330935,0.010912515843079595,0.6264819408946272,False,-0.01129150891143883,-0.004778708186160335,-0.0053256460051330935,1.222912810765336,True,False,,,,0.9877576717173318
ODGX2,self_network,H5LM5,S3Q5 CURRENTLY WORK—W5,ses,2436,-0.0035643632378121403,0.003067629429722403,0.24773498959499962,False,-0.005554641651994149,-0.004213685658480572,-0.0035643632378121403,0.5583826005914232,True,False,-0.004213685658480572,0.003058851672130915,0.17109236603432287,0.4573569038676916
ODGX2,self_network,H5EC1,S4Q1 INCOME PERS EARNINGS [W4–W5]—W5,ses,2413,0.0995821510091713,0.02529603319022526,0.00014386106562636058,True,0.1207564075929721,0.09930797588317308,0.0995821510091713,0.21538429821448285,True,True,0.09930797588317308,0.02505300172566702,0.00013019207968545388,0.0011274699994490156
BCENT10X,peer_network,H4BMI,S27 BMI—W4,cardiometabolic,3234,-0.16756405825166343,0.24882753574775124,0.5020709362515106,False,-0.4742532777830027,-0.23912308449813677,-0.16756405825166343,1.8302804475571044,True,False,,,,0.8033134980024169
BCENT10X,peer_network,H4SBP,S27 SYSTOLIC BLOOD PRESSURE—W4,cardiometabolic,3197,-0.5339649520268337,0.40696828146025843,0.19218423213146196,False,-0.8166979380372144,-0.5685337553370223,-0.5339649520268337,0.5294972730647916,True,False,,,,0.6888391576744928
BCENT10X,peer_network,H4DBP,S27 DIASTOLIC BLOOD PRESSURE—W4,cardiometabolic,3197,-0.2814663554656618,0.3303044454322635,0.3959536574285236,False,-0.4913178221646342,-0.31489029009150354,-0.2814663554656618,0.7455650120306254,True,False,,,,0.8271583282639186
BCENT10X,peer_network,H4WAIST,S27 MEASURED WAIST (CM)—W4,cardiometabolic,3250,-0.9654123348067035,0.5579992810156217,0.08636126488040752,False,-1.7039431854879488,-1.1814571913368694,-0.9654123348067035,0.7649900711379611,True,False,,,,0.21228238363079494
BCENT10X,peer_network,H4BMICLS,S27 BMI CLASS—W4,cardiometabolic,3234,-0.027268653900060287,0.04297074188439505,0.5269922607030648,False,-0.07418897013430137,-0.0343647331001962,-0.027268653900060287,1.7206685891501725,True,False,,,,0.7439890739337386
BCENT10X,peer_network,H5MN1,S13Q1 LAST MO NO CNTRL IMPORT THINGS—W5,mental_health,2387,-0.07252456500649741,0.03867086714262456,0.06333756933118595,False,-0.11020593043180893,-0.07450183331559228,-0.07252456500649741,0.5195669277290484,True,False,,,,0.2533502773247438
BCENT10X,peer_network,H5MN2,S13Q2 LAST MO CONFID HANDLE PERS PBMS—W5,mental_health,2380,0.057911449028494905,0.031943064376415184,0.07251655329768614,False,0.08847761350539549,0.05133659222823173,0.057911449028494905,0.6413415982544105,True,False,,,,0.20134530828894884
BCENT10X,peer_network,H5ID1,S5Q1 HOW IS GEN PHYSICAL HEALTH—W5,functional,2438,-0.11028718536204923,0.03586447719765491,0.002644150234424547,True,-0.18037660577527254,-0.12062187561312684,-0.11028718536204923,0.6355173557393339,True,False,,,,0.013492472468793081
BCENT10X,peer_network,H5ID4,S5Q4 LIMIT CLIMB SEV. FLIGHT STAIRS—W5,functional,2439,-0.05444906881258692,0.017976429400715848,0.003047366702784826,True,-0.07495824982966395,-0.05322574853998585,-0.05444906881258692,0.3991344895994664,True,False,,,,0.018284200216708957
BCENT10X,peer_network,H5ID16,S5Q16 HOW OFTEN TROUBLE SLEEPING—W5,functional,2437,-0.015817291454692253,0.05056777499447192,0.7550189333503385,False,-0.05291287128592482,-0.015145122669005046,-0.015817291454692253,2.387750692026089,True,False,,,,0.9877576717173318
BCENT10X,peer_network,H5LM5,S3Q5 CURRENTLY WORK—W5,ses,2436,-0.010893357150587837,0.01432964458251566,0.44873397623216627,False,-0.021995173734341875,-0.014126477855074801,-0.010893357150587837,1.019136381033367,True,False,-0.014126477855074801,0.014667134644157719,0.33755305683569126,0.633506789974823
BCENT10X,peer_network,H5EC1,S4Q1 INCOME PERS EARNINGS [W4–W5]—W5,ses,2413,0.46062773456787803,0.11882797275778932,0.0001791103942432315,True,0.5865881064541697,0.4662304215444795,0.46062773456787803,0.27345372940788515,True,True,0.4662304215444795,0.12086376937216033,0.00019179572739780326,0.0011274699994490156
REACH,peer_network,H4BMI,S27 BMI—W4,cardiometabolic,3234,-0.00016097763417806247,0.00036775570918952985,0.6624251490038104,False,-0.0004195032570944991,-0.00025251827774628986,-0.00016097763417806247,1.6059723093611455,True,False,,,,0.9540693851989364
REACH,peer_network,H4SBP,S27 SYSTOLIC BLOOD PRESSURE—W4,cardiometabolic,3197,8.853291251547692e-05,0.0007106314454727954,0.901076665621158,False,-4.434479539747313e-06,0.00010133268580411015,8.853291251547692e-05,1.1946649256045625,False,False,,,,0.9402539119525126
REACH,peer_network,H4DBP,S27 DIASTOLIC BLOOD PRESSURE—W4,cardiometabolic,3197,0.0005514933657694335,0.00044952658435550393,0.22245869337089408,False,0.0005878285492326458,0.0006557744082919526,0.0005514933657694335,0.18908848046980226,True,True,,,,0.7320406064578797
REACH,peer_network,H4WAIST,S27 MEASURED WAIST (CM)—W4,cardiometabolic,3250,-0.00148005339005929,0.0008039150269331746,0.06825985576119087,False,-0.0021447250859363103,-0.0017591449329020731,-0.00148005339005929,0.4490862967114949,True,False,,,,0.2047795672835726
REACH,peer_network,H4BMICLS,S27 BMI CLASS—W4,cardiometabolic,3234,-1.4998858679189989e-05,5.964381803810037e-05,0.8019086309372632,False,-6.103296297636593e-05,-3.378082481478244e-05,-1.4998858679189989e-05,3.069173813941289,True,False,,,,0.9440673232105459
REACH,peer_network,H5MN1,S13Q1 LAST MO NO CNTRL IMPORT THINGS—W5,mental_health,2387,-0.00011201168121208703,5.593487525758656e-05,0.047642991049694716,True,-0.000111410653994012,-0.00011073063553580349,-0.00011201168121208703,0.011436715014195414,True,True,,,,0.2533502773247438
REACH,peer_network,H5MN2,S13Q2 LAST MO CONFID HANDLE PERS PBMS—W5,mental_health,2380,0.00011947918745437784,6.765600963419286e-05,0.08012395248341764,False,0.00012868629293332314,0.00012729198454197835,0.00011947918745437784,0.07706032887494285,True,True,,,,0.20134530828894884
REACH,peer_network,H5ID1,S5Q1 HOW IS GEN PHYSICAL HEALTH—W5,functional,2438,-0.00010976951257769952,4.9305876575260684e-05,0.027995647895714404,True,-0.00014338448715016283,-0.0001253393624307465,-0.00010976951257769952,0.3062323388624797,True,False,,,,0.06718955494971457
REACH,peer_network,H5ID4,S5Q4 LIMIT CLIMB SEV. FLIGHT STAIRS—W5,functional,2439,-2.2634431912005588e-05,2.7413304229271627e-05,0.4107447695782849,False,-3.856138043726136e-05,-2.870701694921972e-05,-2.2634431912005588e-05,0.7036601840582495,True,False,,,,0.5188354984146756
REACH,peer_network,H5ID16,S5Q16 HOW OFTEN TROUBLE SLEEPING—W5,functional,2437,6.3969609369796034e-06,6.653911151355125e-05,0.9235824991154835,False,2.942806640011407e-05,3.200951744512029e-05,6.3969609369796034e-06,4.003863203240685,True,False,,,,0.9877576717173318
REACH,peer_network,H5LM5,S3Q5 CURRENTLY WORK—W5,ses,2436,-4.521497982398691e-05,1.8785524004363664e-05,0.01772336688899223,True,-5.603868220373884e-05,-5.366717219818873e-05,-4.521497982398691e-05,0.2393831075870539,True,True,-5.366717219818873e-05,2.134875337725519e-05,0.013364195437934656,0.14063764568134607
REACH,peer_network,H5EC1,S4Q1 INCOME PERS EARNINGS [W4–W5]—W5,ses,2413,0.000599611022598484,0.00021014798054745927,0.005155364831748388,True,0.0007937634440409681,0.0007891266008168783,0.000599611022598484,0.3237972854486599,True,False,0.0007891266008168783,0.00021867466087006015,0.0004615063503168315,0.017675536565994472
REACH3,peer_network,H4BMI,S27 BMI—W4,cardiometabolic,3234,0.006899875375224978,0.003692934348434167,0.06431965652827154,False,0.004377143144248072,0.006304206272248192,0.006899875375224978,0.3656199704758652,True,False,,,,0.19295896958481462
REACH3,peer_network,H4SBP,S27 SYSTOLIC BLOOD PRESSURE—W4,cardiometabolic,3197,-0.0025685877788712355,0.005318842460524004,0.6300935162039101,False,-0.003924076665350758,-0.0023493590312601985,-0.0025685877788712355,0.61306747896409,True,False,,,,0.8711033096601266
REACH3,peer_network,H4DBP,S27 DIASTOLIC BLOOD PRESSURE—W4,cardiometabolic,3197,0.0017914138762520244,0.004573879407810351,0.6960523108046597,False,0.0013215606920597145,0.002356435536310342,0.0017914138762520244,0.5776860713035119,True,False,,,,0.9933502241857104
REACH3,peer_network,H4WAIST,S27 MEASURED WAIST (CM)—W4,cardiometabolic,3250,0.0042471190234659555,0.00826038592315022,0.6081565998985579,False,-0.0014905837185019422,0.002707111396777564,0.0042471190234659555,1.3509634908431454,False,False,,,,0.6950361141697804
REACH3,peer_network,H4BMICLS,S27 BMI CLASS—W4,cardiometabolic,3234,0.0013097782103832902,0.0005742709174433009,0.02445390996423913,True,0.0009526599693183112,0.0012779218379739376,0.0013097782103832902,0.27265550627878654,True,True,,,,0.11737876782834782
REACH3,peer_network,H5MN1,S13Q1 LAST MO NO CNTRL IMPORT THINGS—W5,mental_health,2387,-0.0007618104679134603,0.0005230509365710563,0.1480591679439307,False,-0.0008786119457601274,-0.0006095655872047046,-0.0007618104679134603,0.3531670538635677,True,False,,,,0.3948244478504819
REACH3,peer_network,H5MN2,S13Q2 LAST MO CONFID HANDLE PERS PBMS—W5,mental_health,2380,0.0004086450141832991,0.00043440943876996857,0.34888775097840097,False,0.0005685051350700875,0.000297515767976563,0.0004086450141832991,0.6631412538707037,True,False,,,,0.4925474131459779
REACH3,peer_network,H5ID1,S5Q1 HOW IS GEN PHYSICAL HEALTH—W5,functional,2438,-3.963529712844283e-05,0.0004326573249467843,0.9271723640848348,False,-0.0006087341371460725,-0.00019917812813139134,-3.963529712844283e-05,14.358384602830101,True,False,,,,0.9271723640848348
REACH3,peer_network,H5ID4,S5Q4 LIMIT CLIMB SEV. FLIGHT STAIRS—W5,functional,2439,-0.0004143780798109132,0.0002402513301029727,0.08732763452022518,False,-0.0005705659793843365,-0.0004229715104610823,-0.0004143780798109132,0.3769212397641645,True,False,,,,0.1836182257254988
REACH3,peer_network,H5ID16,S5Q16 HOW OFTEN TROUBLE SLEEPING—W5,functional,2437,-3.155326069590776e-05,0.0006288120344107615,0.9600689971152669,False,-0.0001416096789617971,0.00011858215985866558,-3.155326069590776e-05,8.246115712985814,False,False,,,,0.9877576717173318
REACH3,peer_network,H5LM5,S3Q5 CURRENTLY WORK—W5,ses,2436,-0.00026164114761701937,0.00019257288810526122,0.17698432697270317,False,-0.00033623173530058505,-0.0002821008915730648,-0.00026164114761701937,0.2850873739200557,True,True,-0.0002821008915730648,0.00020079287031806058,0.1628081821968801,0.3861476224858978
REACH3,peer_network,H5EC1,S4Q1 INCOME PERS EARNINGS [W4–W5]—W5,ses,2413,0.006300174585411748,0.001713941430609176,0.0003655344730939536,True,0.007973701680446966,0.007084720465703272,0.006300174585411748,0.26563186025198765,True,True,0.007084720465703272,0.0017633335436638385,0.00010672204793360507,0.0017545654708509772
INFLDMN,peer_network,H4BMI,S27 BMI—W4,cardiometabolic,3234,-0.0008762729794298869,0.00044472758786828575,0.05126510171134635,False,-0.0011237782482174398,-0.000921946646997061,-0.0008762729794298869,0.2824522433050288,True,True,,,,0.17576606301033035
INFLDMN,peer_network,H4SBP,S27 SYSTOLIC BLOOD PRESSURE—W4,cardiometabolic,3197,2.4174499155389835e-05,0.0006970538816804347,0.9723958757875506,False,-1.1698960153794452e-05,0.00013182932465315622,2.4174499155389835e-05,5.93717718345988,False,False,,,,0.9723958757875506
INFLDMN,peer_network,H4DBP,S27 DIASTOLIC BLOOD PRESSURE—W4,cardiometabolic,3197,0.0005487048658261301,0.0004964650695034359,0.27143132275743853,False,0.000589939804790308,0.0006993086748419244,0.0005487048658261301,0.27447142971667504,True,True,,,,0.7320406064578797
INFLDMN,peer_network,H4WAIST,S27 MEASURED WAIST (CM)—W4,cardiometabolic,3250,-0.002861072262135107,0.0010141823249794435,0.0056636683457162995,True,-0.0033785622986392773,-0.002933797761359291,-0.002861072262135107,0.18087275996237417,True,True,,,,0.027185608059438236
INFLDMN,peer_network,H4BMICLS,S27 BMI CLASS—W4,cardiometabolic,3234,-0.00013590175461995562,7.358534243149896e-05,0.06740733711397917,False,-0.00017550801848340616,-0.0001432515490409691,-0.00013590175461995562,0.29143305746278286,True,True,,,,0.23111087010507142
INFLDMN,peer_network,H5MN1,S13Q1 LAST MO NO CNTRL IMPORT THINGS—W5,mental_health,2387,-8.320409077029906e-05,6.534031744721323e-05,0.20551415048475463,False,-8.321855309632125e-05,-8.488849679325862e-05,-8.320409077029906e-05,0.020244269330575236,True,True,,,,0.40644535558376127
INFLDMN,peer_network,H5MN2,S13Q2 LAST MO CONFID HANDLE PERS PBMS—W5,mental_health,2380,0.00012020598481506654,7.752837560365352e-05,0.12384819851734763,False,0.00013703578681095504,0.00013726657180302326,0.00012020598481506654,0.14192793324062816,True,True,,,,0.21357357957983183
INFLDMN,peer_network,H5ID1,S5Q1 HOW IS GEN PHYSICAL HEALTH—W5,functional,2438,-0.00016270784209258886,4.9710942696606584e-05,0.0014151458420870178,True,-0.00020935761673757092,-0.0001875093721734019,-0.00016270784209258886,0.28670882758334426,True,True,,,,0.011321166736696142
INFLDMN,peer_network,H5ID4,S5Q4 LIMIT CLIMB SEV. FLIGHT STAIRS—W5,functional,2439,-4.774837009703945e-05,2.8078756497373822e-05,0.0918091128627494,False,-6.505868856666678e-05,-5.2936863243251156e-05,-4.774837009703945e-05,0.3625321332319283,True,False,,,,0.1836182257254988
INFLDMN,peer_network,H5ID16,S5Q16 HOW OFTEN TROUBLE SLEEPING—W5,functional,2437,-2.1468830704583333e-05,8.874903701025073e-05,0.8092961909911953,False,3.1568326976035054e-06,5.432012195808624e-06,-2.1468830704583333e-05,1.2530185397870297,False,False,,,,0.9877576717173318
INFLDMN,peer_network,H5LM5,S3Q5 CURRENTLY WORK—W5,ses,2436,-5.032193284800049e-05,2.0963990352487544e-05,0.018025454029057197,True,-6.492698720285373e-05,-6.223204804144635e-05,-5.032193284800049e-05,0.2902323803612319,True,True,-6.223204804144635e-05,2.2412529855616713e-05,0.006439362525521242,0.14063764568134607
INFLDMN,peer_network,H5EC1,S4Q1 INCOME PERS EARNINGS [W4–W5]—W5,ses,2413,0.000552115915919068,0.00022418909667344702,0.01531122140726926,True,0.0008177351313359113,0.0008181552518103348,0.000552115915919068,0.48185413283804757,True,False,0.0008181552518103348,0.00023046721682767305,0.0005644451712949472,0.03340630125222384
PRXPREST,peer_network,H4BMI,S27 BMI—W4,cardiometabolic,2972,-3.2190237975031692,1.4116441685982557,0.024480285388465806,True,-3.3551688396355095,-2.6881375262233105,-3.2190237975031692,0.20721540298322144,True,True,,,,0.11750536986463586
PRXPREST,peer_network,H4SBP,S27 SYSTOLIC BLOOD PRESSURE—W4,cardiometabolic,2940,3.7943769172122828,3.154304881231917,0.23154395162564523,False,4.022571632203,4.77472880512812,3.7943769172122828,0.25836966366433073,True,True,,,,0.6888391576744928
PRXPREST,peer_network,H4DBP,S27 DIASTOLIC BLOOD PRESSURE—W4,cardiometabolic,2940,-0.3707344692205652,2.241298418808072,0.8689190272674796,False,-0.7513475136350052,-0.23558335809058661,-0.3707344692205652,1.3911955816484096,True,False,,,,0.9933502241857104
PRXPREST,peer_network,H4WAIST,S27 MEASURED WAIST (CM)—W4,cardiometabolic,2986,-9.852897346181308,3.2674229123121505,0.0031747392464140933,True,-10.333766495271714,-8.8498151039786,-9.852897346181308,0.15061066193572495,True,True,,,,0.01904843547848456
PRXPREST,peer_network,H4BMICLS,S27 BMI CLASS—W4,cardiometabolic,2972,-0.4031655259479354,0.2391207385881854,0.09457331242214218,False,-0.4128046987972224,-0.29264921124320425,-0.4031655259479354,0.29803016334669197,True,True,,,,0.2837199372664265
PRXPREST,peer_network,H5MN1,S13Q1 LAST MO NO CNTRL IMPORT THINGS—W5,mental_health,2202,-0.344615400359252,0.2280424519104954,0.13355650844355926,False,-0.4900733541764402,-0.34375351045065666,-0.344615400359252,0.42458881284251715,True,False,,,,0.3948244478504819
PRXPREST,peer_network,H5MN2,S13Q2 LAST MO CONFID HANDLE PERS PBMS—W5,mental_health,2196,-0.014417679071180745,0.2589323210401224,0.9556949340247096,False,0.07309598733173905,-0.06444186988070094,-0.014417679071180745,9.539528278678508,False,False,,,,0.9556949340247096
PRXPREST,peer_network,H5ID1,S5Q1 HOW IS GEN PHYSICAL HEALTH—W5,functional,2251,-0.6180264395129835,0.21676060325095695,0.0051869732692733095,True,-0.7050486509089997,-0.488322798515462,-0.6180264395129835,0.3506740788700266,True,False,,,,0.020747893077093238
PRXPREST,peer_network,H5ID4,S5Q4 LIMIT CLIMB SEV. FLIGHT STAIRS—W5,functional,2252,-0.3562209740024689,0.1256626419595215,0.0054425210625117515,True,-0.3880146036701174,-0.31449303318312843,-0.3562209740024689,0.20639315439769537,True,True,,,,0.026124101100056408
PRXPREST,peer_network,H5ID16,S5Q16 HOW OFTEN TROUBLE SLEEPING—W5,functional,2250,-0.2741317836684644,0.42325445600322653,0.518519926854534,False,-0.3872446101269694,-0.23757734091434426,-0.2741317836684644,0.5459683193599801,True,False,,,,0.9877576717173318
PRXPREST,peer_network,H5LM5,S3Q5 CURRENTLY WORK—W5,ses,2249,-0.132889000492775,0.11130957248820238,0.23505192101191996,False,-0.13626608394198153,-0.11007631114227978,-0.132889000492775,0.1970800645846204,True,True,-0.11007631114227978,0.10944373267581427,0.3166894658618782,0.4573569038676916
PRXPREST,peer_network,H5EC1,S4Q1 INCOME PERS EARNINGS [W4–W5]—W5,ses,2228,1.5551095384888542,1.1206449920584733,0.16798569770205152,False,1.5265711118006509,1.0844936876633333,1.5551095384888542,0.3026255316283586,True,False,1.0844936876633333,1.1163331173104571,0.3334034156015879,0.23715627910877862
IGDMEAN,peer_network,H4BMI,S27 BMI—W4,cardiometabolic,2748,-0.11712611776124254,0.1346860270497519,0.3863661420315543,False,-0.1708462903234621,-0.1506541230977571,-0.11712611776124254,0.45865237906823,True,False,,,,0.7132913391351772
IGDMEAN,peer_network,H4SBP,S27 SYSTOLIC BLOOD PRESSURE—W4,cardiometabolic,2721,-0.05316576939107187,0.1424245013096969,0.7096375538114152,False,-0.12898308252489188,-0.12233753232700828,-0.05316576939107187,1.4260550350758587,True,False,,,,0.8863171438037297
IGDMEAN,peer_network,H4DBP,S27 DIASTOLIC BLOOD PRESSURE—W4,cardiometabolic,2721,0.1540928245810662,0.1393070402881049,0.2710370389266257,False,0.12160946811702478,0.126795453915219,0.1540928245810662,0.21080382264621522,True,True,,,,0.7320406064578797
IGDMEAN,peer_network,H4WAIST,S27 MEASURED WAIST (CM)—W4,cardiometabolic,2765,-0.3753786491201383,0.2805377405484685,0.1835845448258675,False,-0.4846402572948255,-0.4316551537666071,-0.3753786491201383,0.29107038567800514,True,True,,,,0.4005480978018927
IGDMEAN,peer_network,H4BMICLS,S27 BMI CLASS—W4,cardiometabolic,2748,-0.021124498711768268,0.02497755476921229,0.39950146460475566,False,-0.03397148849120456,-0.03086761769467402,-0.021124498711768268,0.6081559593307342,True,False,,,,0.6591174052798525
IGDMEAN,peer_network,H5MN1,S13Q1 LAST MO NO CNTRL IMPORT THINGS—W5,mental_health,2060,-0.021793510783686326,0.019008590810371845,0.2540283472398508,False,-0.02264236019363606,-0.028310997683157695,-0.021793510783686326,0.2990563091996208,True,True,,,,0.40644535558376127
IGDMEAN,peer_network,H5MN2,S13Q2 LAST MO CONFID HANDLE PERS PBMS—W5,mental_health,2057,0.03894226175705464,0.020105579225262193,0.055277900116065926,False,0.04265718324104652,0.04816854809909689,0.03894226175705464,0.23692220034884975,True,True,,,,0.20134530828894884
IGDMEAN,peer_network,H5ID1,S5Q1 HOW IS GEN PHYSICAL HEALTH—W5,functional,2099,-0.02613289213361035,0.01766375248306871,0.1418235132609862,False,-0.030845230777686545,-0.03336633339282398,-0.02613289213361035,0.2767945171254302,True,True,,,,0.2618280244818207
IGDMEAN,peer_network,H5ID4,S5Q4 LIMIT CLIMB SEV. FLIGHT STAIRS—W5,functional,2100,-0.009120540402105368,0.00960960656490265,0.3446099095576598,False,-0.011793314482260718,-0.01207218789077366,-0.009120540402105368,0.32362638161078033,True,False,,,,0.46062964491131686
IGDMEAN,peer_network,H5ID16,S5Q16 HOW OFTEN TROUBLE SLEEPING—W5,functional,2099,0.007119383285665963,0.0220982521335191,0.7479248456064611,False,0.011125590764760915,0.006732113236038809,0.007119383285665963,0.6171149034169652,True,False,,,,0.9877576717173318
IGDMEAN,peer_network,H5LM5,S3Q5 CURRENTLY WORK—W5,ses,2098,-0.009955752787236018,0.006755097680984744,0.14333701413020594,False,-0.012634666387509824,-0.013092332438799066,-0.009955752787236018,0.31505198236585047,True,False,-0.013092332438799066,0.006467194272720373,0.04530608627451094,0.3861476224858978
IGDMEAN,peer_network,H5EC1,S4Q1 INCOME PERS EARNINGS [W4–W5]—W5,ses,2080,0.1276039222694243,0.07079876081305267,0.07418040408055115,False,0.15469076307232546,0.1687347683402471,0.1276039222694243,0.3223321457468892,True,False,0.1687347683402471,0.06977565734435669,0.017207561795695714,0.12716640699523055
IDG_ZERO,isolation,H4BMI,S27 BMI—W4,cardiometabolic,3234,2.1236515580422917,0.5908938600711497,0.00048550210137676686,True,2.2161447894826654,2.0110770734860117,2.1236515580422917,0.09656373015623017,True,True,,,,0.003884016811014135
IDG_ZERO,isolation,H4SBP,S27 SYSTOLIC BLOOD PRESSURE—W4,cardiometabolic,3197,0.8357085664413431,1.1407842243366904,0.4653488084108077,False,1.0557951729884865,0.8182001161636567,0.8357085664413431,0.2843037230509305,True,True,,,,0.7977408144185275
IDG_ZERO,isolation,H4DBP,S27 DIASTOLIC BLOOD PRESSURE—W4,cardiometabolic,3197,0.9406521308924656,0.9128518448140814,0.3050169193574499,False,1.1190995221679831,0.9346503486848401,0.9406521308924656,0.19608648875131193,True,True,,,,0.7320406064578797
IDG_ZERO,isolation,H4WAIST,S27 MEASURED WAIST (CM)—W4,cardiometabolic,3250,4.547719916309316,1.2180854411029085,0.0002985406187754336,True,4.658945880383132,4.231982870027634,4.547719916309316,0.0938850716870879,True,True,,,,0.0030580630647492058
IDG_ZERO,isolation,H4BMICLS,S27 BMI CLASS—W4,cardiometabolic,3234,0.36087753456681976,0.09333677315114497,0.0001857207794759841,True,0.3774731145590929,0.34469966751251196,0.36087753456681976,0.0908159802352912,True,True,,,,0.002228649353711809
IDG_ZERO,isolation,H5MN1,S13Q1 LAST MO NO CNTRL IMPORT THINGS—W5,mental_health,2387,0.09223003386033653,0.10309808753519756,0.3729272574007254,False,0.09639119425903134,0.08154713648078649,0.09223003386033653,0.1609460298011289,True,True,,,,0.5593908861010881
IDG_ZERO,isolation,H5MN2,S13Q2 LAST MO CONFID HANDLE PERS PBMS—W5,mental_health,2380,-0.20474947167649238,0.08953642557732783,0.024088579412068878,True,-0.20467453650686804,-0.18625193360756137,-0.20474947167649238,0.0903422993840855,True,True,,,,0.20134530828894884
IDG_ZERO,isolation,H5ID1,S5Q1 HOW IS GEN PHYSICAL HEALTH—W5,functional,2438,0.2010786758615657,0.0852151111349186,0.02002278998286644,True,0.2657614876372988,0.21233108417969057,0.2010786758615657,0.3216791213617526,True,False,,,,0.06006836994859932
IDG_ZERO,isolation,H5ID4,S5Q4 LIMIT CLIMB SEV. FLIGHT STAIRS—W5,functional,2439,0.11097802446336905,0.042262401072386414,0.009849571099477927,True,0.12725903401499516,0.10459301030305888,0.11097802446336905,0.20423884657829483,True,True,,,,0.03939828439791171
IDG_ZERO,isolation,H5ID16,S5Q16 HOW OFTEN TROUBLE SLEEPING—W5,functional,2437,-0.041969122413781645,0.10549730863012573,0.691518835799855,False,-0.060097158057886194,-0.08191122537948321,-0.041969122413781645,0.9517021245263291,True,False,,,,0.9877576717173318
IDG_ZERO,isolation,H5LM5,S3Q5 CURRENTLY WORK—W5,ses,2436,0.04074752549060855,0.037200940839198,0.2757193464731005,False,0.03890876118627809,0.03209648632400302,0.04074752549060855,0.21230833191574813,True,True,0.03209648632400302,0.035453006360045815,0.3672367464618358,0.47266173681102935
IDG_ZERO,isolation,H5EC1,S4Q1 INCOME PERS EARNINGS [W4–W5]—W5,ses,2413,-0.6938468492309917,0.2593156247882139,0.008576177483820668,True,-0.7860851742347335,-0.7204943811898423,-0.6938468492309917,0.13293758573087397,True,True,-0.7204943811898423,0.2563497098161661,0.005838494547958151,0.022869806623521782
IDG_LEQ1,isolation,H4BMI,S27 BMI—W4,cardiometabolic,3234,1.4393543050220194,0.3839538663933866,0.0002828544578012959,True,1.6109183287654574,1.3853243414768435,1.4393543050220194,0.15673277003549363,True,True,,,,0.003394253493615551
IDG_LEQ1,isolation,H4SBP,S27 SYSTOLIC BLOOD PRESSURE—W4,cardiometabolic,3197,0.5641466738930814,0.7380757405988825,0.4462672967589292,False,0.9039752525798057,0.6329693232623672,0.5641466738930814,0.602376286900044,True,False,,,,0.7977408144185275
IDG_LEQ1,isolation,H4DBP,S27 DIASTOLIC BLOOD PRESSURE—W4,cardiometabolic,3197,0.3135009823007654,0.5995357226540795,0.6020724140005971,False,0.569511330510718,0.36921368807077415,0.3135009823007654,0.8166173717578414,True,False,,,,0.9933502241857104
IDG_LEQ1,isolation,H4WAIST,S27 MEASURED WAIST (CM)—W4,cardiometabolic,3250,3.0593841596737636,0.835208718473229,0.0003822578830936507,True,3.5408413090831763,3.044562000878196,3.0593841596737636,0.16221542712632098,True,True,,,,0.0030580630647492058
IDG_LEQ1,isolation,H4BMICLS,S27 BMI CLASS—W4,cardiometabolic,3234,0.21760912931027265,0.06386220117454823,0.0009116726637115047,True,0.24920937972931406,0.2107721360750065,0.21760912931027265,0.17663433412071033,True,True,,,,0.0072933813096920375
IDG_LEQ1,isolation,H5MN1,S13Q1 LAST MO NO CNTRL IMPORT THINGS—W5,mental_health,2387,0.10929678455815109,0.06999915950778558,0.12125034314477534,False,0.13149217134270674,0.09627253970394978,0.10929678455815109,0.3222384975105873,True,False,,,,0.3948244478504819
IDG_LEQ1,isolation,H5MN2,S13Q2 LAST MO CONFID HANDLE PERS PBMS—W5,mental_health,2380,-0.1136571067438394,0.060679978826484786,0.06366765782994577,False,-0.14659637268519868,-0.1103750544835551,-0.1136571067438394,0.3186894268149835,True,False,,,,0.20134530828894884
IDG_LEQ1,isolation,H5ID1,S5Q1 HOW IS GEN PHYSICAL HEALTH—W5,functional,2438,0.1713675112253083,0.056089321727551864,0.002810931764331892,True,0.24436091912665253,0.17903333362407506,0.1713675112253083,0.42594659500758536,True,False,,,,0.013492472468793081
IDG_LEQ1,isolation,H5ID4,S5Q4 LIMIT CLIMB SEV. FLIGHT STAIRS—W5,functional,2439,0.10055178328707129,0.03262837016481104,0.0025905991968440123,True,0.11884089520046989,0.09421092962351874,0.10055178328707129,0.24494807323937356,True,True,,,,0.018284200216708957
IDG_LEQ1,isolation,H5ID16,S5Q16 HOW OFTEN TROUBLE SLEEPING—W5,functional,2437,0.03952884338379127,0.07306960745541605,0.5895990437309524,False,0.03637856732014534,-0.0008019383801608779,0.03952884338379127,1.020287423347421,False,False,,,,0.9877576717173318
IDG_LEQ1,isolation,H5LM5,S3Q5 CURRENTLY WORK—W5,ses,2436,0.04704262923548871,0.02359745213554096,0.048632350931201884,True,0.057982969591661784,0.04951524659174441,0.04704262923548871,0.23256226392889925,True,True,0.04951524659174441,0.022999266313952882,0.03347147526831007,0.23343528446976902
IDG_LEQ1,isolation,H5EC1,S4Q1 INCOME PERS EARNINGS [W4–W5]—W5,ses,2413,-0.5272298412707739,0.16980928555974178,0.0024114448101846264,True,-0.6773813214918007,-0.5521304361643796,-0.5272298412707739,0.2847932124993515,True,True,-0.5521304361643796,0.16603755863647005,0.0011944980934994742,0.009645779240738506
HAVEBMF,isolation,H4BMI,S27 BMI—W4,cardiometabolic,3234,-0.012182427036858678,0.3288676825067015,0.9705162251586485,False,-0.12729941333413408,-0.034026016629227995,-0.012182427036858678,9.449429571708652,True,False,,,,0.9705162251586485
HAVEBMF,isolation,H4SBP,S27 SYSTOLIC BLOOD PRESSURE—W4,cardiometabolic,3197,-0.29728773963478855,0.5370849164407554,0.5810100749975127,False,-0.2816916468797949,-0.18630303984618393,-0.29728773963478855,0.3733241738288531,True,False,,,,0.8711033096601266
HAVEBMF,isolation,H4DBP,S27 DIASTOLIC BLOOD PRESSURE—W4,cardiometabolic,3197,-0.10088628040813041,0.4073876687655831,0.8048648682618067,False,-0.1652814422042024,-0.10996974830191429,-0.10088628040813041,0.6382945385196538,True,False,,,,0.9933502241857104
HAVEBMF,isolation,H4WAIST,S27 MEASURED WAIST (CM)—W4,cardiometabolic,3250,-0.7204025977904267,0.7424435740598259,0.3339813480392828,False,-0.9204064712593094,-0.7355167049149499,-0.7204025977904267,0.2776279181700926,True,True,,,,0.4724290688613176
HAVEBMF,isolation,H4BMICLS,S27 BMI CLASS—W4,cardiometabolic,3234,-0.004035545057493057,0.0573913323365847,0.9440673232105459,False,-0.02700758112743353,-0.01149085382251439,-0.004035545057493057,5.692424627321857,True,False,,,,0.9440673232105459
HAVEBMF,isolation,H5MN1,S13Q1 LAST MO NO CNTRL IMPORT THINGS—W5,mental_health,2387,-0.03281399252794706,0.05179912273094335,0.5277081709781719,False,-0.04101620023459711,-0.02126987361470085,-0.03281399252794706,0.6017654390296664,True,False,,,,0.6030950525464821
HAVEBMF,isolation,H5MN2,S13Q2 LAST MO CONFID HANDLE PERS PBMS—W5,mental_health,2380,-0.024245903313105284,0.050119787835112964,0.6295013446205038,False,-0.014640304978886694,-0.034838602307438266,-0.024245903313105284,0.8330602109443405,True,False,,,,0.7194301081377186
HAVEBMF,isolation,H5ID1,S5Q1 HOW IS GEN PHYSICAL HEALTH—W5,functional,2438,-0.03860877009817432,0.04792297150021039,0.42215632653724455,False,-0.0691688288372135,-0.041617498296651304,-0.03860877009817432,0.7915315266798476,True,False,,,,0.5959854021702277
HAVEBMF,isolation,H5ID4,S5Q4 LIMIT CLIMB SEV. FLIGHT STAIRS—W5,functional,2439,-0.023976140016056875,0.025307178168610195,0.3454722336834877,False,-0.026437905790816525,-0.017226682342069314,-0.023976140016056875,0.3841829186257018,True,False,,,,0.46062964491131686
HAVEBMF,isolation,H5ID16,S5Q16 HOW OFTEN TROUBLE SLEEPING—W5,functional,2437,0.08986983286378927,0.07041647576975067,0.2045033077000118,False,0.0713835958608082,0.08985235224221494,0.08986983286378927,0.2057001377870552,True,True,,,,0.8608389709441292
HAVEBMF,isolation,H5LM5,S3Q5 CURRENTLY WORK—W5,ses,2436,0.0005568451462720485,0.02098852795996294,0.9788810790941835,False,0.005655744869753605,0.009125540407744853,0.0005568451462720485,15.387932028928093,True,False,0.009125540407744853,0.020079961992928313,0.6503773085138891,0.9788810790941835
HAVEBMF,isolation,H5EC1,S4Q1 INCOME PERS EARNINGS [W4–W5]—W5,ses,2413,0.07800663394136077,0.14745347528070998,0.5978347410789482,False,0.05814093998617693,-0.008549520794692636,0.07800663394136077,1.1095999194263335,False,False,-0.008549520794692636,0.14062648973812994,0.9516300711255159,0.6238275559084676
HAVEBFF,isolation,H4BMI,S27 BMI—W4,cardiometabolic,3234,0.09259909881369455,0.313967324581449,0.7685916165174194,False,0.0034029142953970193,0.10255165914796932,0.09259909881369455,1.0707312071368573,True,False,,,,0.9705162251586485
HAVEBFF,isolation,H4SBP,S27 SYSTOLIC BLOOD PRESSURE—W4,cardiometabolic,3197,0.10262874913673159,0.5795537944555652,0.8597635464095281,False,0.1662615307681662,0.2773691636478883,0.10262874913673159,1.702645856848077,True,False,,,,0.9379238688103942
HAVEBFF,isolation,H4DBP,S27 DIASTOLIC BLOOD PRESSURE—W4,cardiometabolic,3197,-0.0034894885984592117,0.41775374443487334,0.9933502241857104,False,0.029767904123021383,0.11653798507005925,-0.0034894885984592117,34.39686655560839,False,False,,,,0.9933502241857104
HAVEBFF,isolation,H4WAIST,S27 MEASURED WAIST (CM)—W4,cardiometabolic,3250,-0.8028259486467278,0.7564307761275997,0.29082125914519197,False,-1.038270808469307,-0.8267881992868433,-0.8028259486467278,0.2932701169156945,True,True,,,,0.4724290688613176
HAVEBFF,isolation,H4BMICLS,S27 BMI CLASS—W4,cardiometabolic,3234,0.02489039960721652,0.05371719763497323,0.6440055315580149,False,0.012930725259670237,0.02904363549815831,0.02489039960721652,0.6473544214941582,True,False,,,,0.8586740420773531
HAVEBFF,isolation,H5MN1,S13Q1 LAST MO NO CNTRL IMPORT THINGS—W5,mental_health,2387,-0.12664795476889934,0.056715751349694095,0.027534868615170405,True,-0.14009195616669207,-0.1219065085851179,-0.12664795476889934,0.14359053499725313,True,True,,,,0.2533502773247438
HAVEBFF,isolation,H5MN2,S13Q2 LAST MO CONFID HANDLE PERS PBMS—W5,mental_health,2380,0.08078711002297245,0.05123595326085253,0.11766981442517022,False,0.07913181284567242,0.06090343655446725,0.08078711002297245,0.24612433175108164,True,True,,,,0.21357357957983183
HAVEBFF,isolation,H5ID1,S5Q1 HOW IS GEN PHYSICAL HEALTH—W5,functional,2438,-0.019092697156787238,0.048914302902924124,0.6970342686917572,False,-0.0507478620113642,-0.020055569370995795,-0.019092697156787238,1.6579723961799662,True,False,,,,0.8364411224301086
HAVEBFF,isolation,H5ID4,S5Q4 LIMIT CLIMB SEV. FLIGHT STAIRS—W5,functional,2439,-0.042058139273086194,0.02721521436534818,0.12507276192408856,False,-0.04991914144307864,-0.03792393741408217,-0.042058139273086194,0.28520529524881844,True,True,,,,0.21794508378681357
HAVEBFF,isolation,H5ID16,S5Q16 HOW OFTEN TROUBLE SLEEPING—W5,functional,2437,-0.08517704263714906,0.0712534732438274,0.2344522492175085,False,-0.08432756843942076,-0.06955343601225417,-0.08517704263714906,0.18342508898143908,True,True,,,,0.8608389709441292
HAVEBFF,isolation,H5LM5,S3Q5 CURRENTLY WORK—W5,ses,2436,-0.02172464676226189,0.015528643198824308,0.16457479476418935,False,-0.018036774249650882,-0.013606994269124177,-0.02172464676226189,0.37366096590527637,True,False,-0.013606994269124177,0.015517579968496448,0.3824309359534179,0.3861476224858978
HAVEBFF,isolation,H5EC1,S4Q1 INCOME PERS EARNINGS [W4–W5]—W5,ses,2413,0.2836436742054291,0.14896255566310787,0.059459404898804635,False,0.3063246050846508,0.24195750453417372,0.2836436742054291,0.2269294414225476,True,True,0.24195750453417372,0.1500436452700432,0.1096499438828955,0.10977120904394702
ESDEN,egonet,H4BMI,S27 BMI—W4,cardiometabolic,2748,-2.545338944674928,0.9550632435435679,0.00883385933130465,True,-2.3617845489596223,-2.6220785893793424,-2.545338944674928,0.10226301725523744,True,True,,,,0.0530031559878279
ESDEN,egonet,H4SBP,S27 SYSTOLIC BLOOD PRESSURE—W4,cardiometabolic,2721,-0.2910140026161603,1.5078755015487477,0.8473116119440827,False,-0.04300257330450097,-0.1512533169651934,-0.2910140026161603,0.8522319444496964,True,False,,,,0.9379238688103942
ESDEN,egonet,H4DBP,S27 DIASTOLIC BLOOD PRESSURE—W4,cardiometabolic,2721,-1.7721533846934832,1.1689402685302357,0.1323280721580664,False,-1.7227359749627718,-1.8081780297563192,-1.7721533846934832,0.04821369049176621,True,True,,,,0.7320406064578797
ESDEN,egonet,H4WAIST,S27 MEASURED WAIST (CM)—W4,cardiometabolic,2765,-4.222024808371772,1.9653427787604831,0.03384914895779745,True,-3.9973784882910905,-4.621172748101188,-4.222024808371772,0.14774765382078936,True,True,,,,0.11605422499816268
ESDEN,egonet,H4BMICLS,S27 BMI CLASS—W4,cardiometabolic,2748,-0.44840145359808314,0.15657583805405548,0.004998699123450523,True,-0.4265301954496139,-0.46929135495224383,-0.44840145359808314,0.09536356128978599,True,True,,,,0.029992194740703138
ESDEN,egonet,H5MN1,S13Q1 LAST MO NO CNTRL IMPORT THINGS—W5,mental_health,2060,0.06420322243548177,0.12414917926929732,0.6060742062417841,False,0.0414573241744657,0.04700422436606143,0.06420322243548177,0.354279698092624,True,False,,,,0.6611718613546735
ESDEN,egonet,H5MN2,S13Q2 LAST MO CONFID HANDLE PERS PBMS—W5,mental_health,2057,-0.0068141016655919595,0.09364206211388477,0.9421209019008057,False,0.028520240477790323,0.024005220147529926,-0.0068141016655919595,5.185473284292816,False,False,,,,0.9556949340247096
ESDEN,egonet,H5ID1,S5Q1 HOW IS GEN PHYSICAL HEALTH—W5,functional,2099,-0.3073234013999825,0.12151187685268146,0.012824997053038523,True,-0.27325255657158387,-0.29133213886108283,-0.3073234013999825,0.11086316457904646,True,True,,,,0.04397141846756065
ESDEN,egonet,H5ID4,S5Q4 LIMIT CLIMB SEV. FLIGHT STAIRS—W5,functional,2100,-0.1341610654286051,0.0686408583683557,0.05313016437929896,False,-0.13464223576897225,-0.14533886432306387,-0.1341610654286051,0.08331626510827861,True,True,,,,0.1416804383447972
ESDEN,egonet,H5ID16,S5Q16 HOW OFTEN TROUBLE SLEEPING—W5,functional,2099,-0.06163974857051614,0.15179595410705302,0.6854661223499745,False,-0.06491984241028387,-0.06416836613168102,-0.06163974857051614,0.05321393931409833,True,True,,,,0.9877576717173318
ESDEN,egonet,H5LM5,S3Q5 CURRENTLY WORK—W5,ses,2098,-0.040133679386216654,0.04086845459388487,0.3282061028210801,False,-0.03032766560002662,-0.033015289291999594,-0.040133679386216654,0.24433378489483257,True,True,-0.033015289291999594,0.04161066727612111,0.42920313643608,0.5057131999178237
ESDEN,egonet,H5EC1,S4Q1 INCOME PERS EARNINGS [W4–W5]—W5,ses,2080,0.21803022063956073,0.40790155695358343,0.5940435533047905,False,0.2242613096801696,0.22534495569867194,0.21803022063956073,0.033549179731389836,True,True,0.22534495569867194,0.3942244168109418,0.5687275965845016,0.6238275559084676
ERDEN,egonet,H4BMI,S27 BMI—W4,cardiometabolic,2972,1.421325737548199,0.8225327473856463,0.08674675064436244,False,1.9227448365972455,1.5801233367196819,1.421325737548199,0.3527826773291248,True,False,,,,0.2313246683849665
ERDEN,egonet,H4SBP,S27 SYSTOLIC BLOOD PRESSURE—W4,cardiometabolic,2940,0.415166947362378,1.241007590832344,0.7385976198364415,False,0.6220033231677979,0.34167303725749276,0.415166947362378,0.675223034230659,True,False,,,,0.8863171438037297
ERDEN,egonet,H4DBP,S27 DIASTOLIC BLOOD PRESSURE—W4,cardiometabolic,2940,0.11465231983929769,1.0128610856828053,0.91007742869295,False,0.17060882381255163,-0.013025356957353296,0.11465231983929769,1.6016612749510484,False,False,,,,0.9933502241857104
ERDEN,egonet,H4WAIST,S27 MEASURED WAIST (CM)—W4,cardiometabolic,2986,4.405698713764179,1.8751007964873625,0.020546257256772504,True,5.532384867372695,4.795634683474804,4.405698713764179,0.2557338181316279,True,True,,,,0.08218502902709002
ERDEN,egonet,H4BMICLS,S27 BMI CLASS—W4,cardiometabolic,2972,0.19256597502615974,0.13463659416215726,0.15542494026003895,False,0.2770979064010461,0.21969132297883096,0.19256597502615974,0.43897646696620646,True,False,,,,0.31929441229822375
ERDEN,egonet,H5MN1,S13Q1 LAST MO NO CNTRL IMPORT THINGS—W5,mental_health,2202,0.15966322462317833,0.13851479829546834,0.25149605629434335,False,0.1312331776431199,0.12661090796244373,0.15966322462317833,0.20701270902389374,True,True,,,,0.40644535558376127
ERDEN,egonet,H5MN2,S13Q2 LAST MO CONFID HANDLE PERS PBMS—W5,mental_health,2196,-0.08783888744310142,0.11105189287062908,0.43063237573425717,False,-0.0964596873872646,-0.08757044962883545,-0.08783888744310142,0.10119934367551327,True,True,,,,0.5741765009790095
ERDEN,egonet,H5ID1,S5Q1 HOW IS GEN PHYSICAL HEALTH—W5,functional,2251,0.07569810440046824,0.09337230195555951,0.4192500882506007,False,0.12959855337706314,0.08226308752436534,0.07569810440046824,0.7120448973390869,True,False,,,,0.5959854021702277
ERDEN,egonet,H5ID4,S5Q4 LIMIT CLIMB SEV. FLIGHT STAIRS—W5,functional,2252,0.0333970702966267,0.06483251362505432,0.6074784949661556,False,0.04442679089198523,0.022853893529002824,0.0333970702966267,0.6459517907222356,True,False,,,,0.6942611371041778
ERDEN,egonet,H5ID16,S5Q16 HOW OFTEN TROUBLE SLEEPING—W5,functional,2250,0.10582185821929968,0.15291319799234657,0.49034520959618644,False,0.07367759693861013,0.056688540720663365,0.10582185821929968,0.46430216143828246,True,False,,,,0.9877576717173318
ERDEN,egonet,H5LM5,S3Q5 CURRENTLY WORK—W5,ses,2249,0.06516775359805277,0.04159839213875869,0.1200309439959828,False,0.0691765581276512,0.06322629979067686,0.06516775359805277,0.09130678914720382,True,True,0.06322629979067686,0.04149593383225794,0.13040870513268898,0.3861476224858978
ERDEN,egonet,H5EC1,S4Q1 INCOME PERS EARNINGS [W4–W5]—W5,ses,2228,-0.2695701086472846,0.35373579000559624,0.44762230903317857,False,-0.2405145811632267,-0.1965605348895852,-0.2695701086472846,0.2708370528322478,True,True,-0.1965605348895852,0.35975489738598254,0.5858960291452222,0.5371467708398142
ESRDEN,egonet,H4BMI,S27 BMI—W4,cardiometabolic,3130,-0.5321262971390452,1.2757577111069445,0.6773992265749971,False,-0.06742344839030823,-0.5608278762513552,-0.5321262971390452,0.9272318066478114,True,False,,,,0.9540693851989364
ESRDEN,egonet,H4SBP,S27 SYSTOLIC BLOOD PRESSURE—W4,cardiometabolic,3098,1.8177150889706892,1.8229317209703175,0.3208468258668522,False,2.136000679224865,1.7502085521667992,1.8177150889706892,0.2122401521552681,True,True,,,,0.6888391576744928
ESRDEN,egonet,H4DBP,S27 DIASTOLIC BLOOD PRESSURE—W4,cardiometabolic,3098,-0.4485772114428431,1.3351372622863773,0.737515795639951,False,-0.3005840799569728,-0.5689676304187685,-0.4485772114428431,0.5982995649701939,True,False,,,,0.9933502241857104
ESRDEN,egonet,H4WAIST,S27 MEASURED WAIST (CM)—W4,cardiometabolic,3147,0.9502425191457791,2.8061655732124358,0.7355249899718277,False,2.083723956018055,0.9682662957802597,0.9502425191457791,1.192833844028806,True,False,,,,0.8023908981510847
ESRDEN,egonet,H4BMICLS,S27 BMI CLASS—W4,cardiometabolic,3130,-0.14613500486411884,0.205031980747203,0.47748741859592947,False,-0.0812688616885387,-0.1647694281633601,-0.14613500486411884,0.5713933260033282,True,False,,,,0.7162311278938942
ESRDEN,egonet,H5MN1,S13Q1 LAST MO NO CNTRL IMPORT THINGS—W5,mental_health,2320,0.2135675024619556,0.1617253205248373,0.1893412546344977,False,0.2060196857422239,0.17255636105526173,0.2135675024619556,0.19202894136011867,True,True,,,,0.40644535558376127
ESRDEN,egonet,H5MN2,S13Q2 LAST MO CONFID HANDLE PERS PBMS—W5,mental_health,2314,-0.16696534950818784,0.14437739421914028,0.24995758194032813,False,-0.14357381722135754,-0.11105285622967492,-0.16696534950818784,0.33487483147376645,True,False,,,,0.3749363729104922
ESRDEN,egonet,H5ID1,S5Q1 HOW IS GEN PHYSICAL HEALTH—W5,functional,2369,-0.04916872143504585,0.15501942515365816,0.7516991883922453,False,0.03184272548098133,-0.04678121732476659,-0.04916872143504585,1.6476215885142964,False,False,,,,0.8590847867339946
ESRDEN,egonet,H5ID4,S5Q4 LIMIT CLIMB SEV. FLIGHT STAIRS—W5,functional,2370,-0.04065654573358391,0.09328944250790072,0.6638128286081786,False,-0.02470156649051581,-0.059573635605368894,-0.04065654573358391,0.857723362514966,True,False,,,,0.7241594493907402
ESRDEN,egonet,H5ID16,S5Q16 HOW OFTEN TROUBLE SLEEPING—W5,functional,2368,0.003470989986839812,0.22570580872990412,0.9877576717173318,False,-0.025785186823547933,-0.06211395546967159,0.003470989986839812,18.895169880977875,False,False,,,,0.9877576717173318
ESRDEN,egonet,H5LM5,S3Q5 CURRENTLY WORK—W5,ses,2367,0.059793737232529,0.06202919928567485,0.33714213327854914,False,0.06654215655253798,0.054835752262504006,0.059793737232529,0.19577977279643013,True,True,0.054835752262504006,0.060218462756599755,0.3644546421165904,0.5057131999178237
ESRDEN,egonet,H5EC1,S4Q1 INCOME PERS EARNINGS [W4–W5]—W5,ses,2345,-0.21972024475636137,0.6335477303550974,0.729385351533514,False,-0.19160596660237894,-0.07449897510765718,-0.21972024475636137,0.6609371376303262,True,False,-0.07449897510765718,0.6272704184665254,0.9056727742167983,0.729385351533514
RCHDEN,egonet,H4BMI,S27 BMI—W4,cardiometabolic,3234,1.5695385010178493,1.0656574593868369,0.14360007166940258,False,1.821903397518146,1.7681670414621988,1.5695385010178493,0.16078923603125217,True,True,,,,0.28720014333880517
RCHDEN,egonet,H4SBP,S27 SYSTOLIC BLOOD PRESSURE—W4,cardiometabolic,3197,4.856205956912427,1.9827386707517618,0.01586536653782522,True,5.51521436630867,5.431920039617912,4.856205956912427,0.1357043781181061,True,True,,,,0.19038439845390265
RCHDEN,egonet,H4DBP,S27 DIASTOLIC BLOOD PRESSURE—W4,cardiometabolic,3197,2.1712120784885744,1.7601460995208376,0.21995652957919676,False,2.76617957311513,2.695479702035252,2.1712120784885744,0.2740255088488292,True,True,,,,0.7320406064578797
RCHDEN,egonet,H4WAIST,S27 MEASURED WAIST (CM)—W4,cardiometabolic,3250,-0.515504118796895,2.7030968122833245,0.8490990710350048,False,0.22614636006793898,0.05270263120861873,-0.515504118796895,1.4386897249157364,False,False,,,,0.8490990710350048
RCHDEN,egonet,H4BMICLS,S27 BMI CLASS—W4,cardiometabolic,3234,0.2723579779099934,0.19238815497901224,0.15964720614911188,False,0.30683357791539206,0.3010784715970377,0.2723579779099934,0.12658193554657646,True,True,,,,0.31929441229822375
RCHDEN,egonet,H5MN1,S13Q1 LAST MO NO CNTRL IMPORT THINGS—W5,mental_health,2387,-0.09242339812500458,0.19583504377692967,0.6378841264852868,False,-0.09021574337597334,-0.033931237662003774,-0.09242339812500458,0.632871779761754,True,False,,,,0.6656182189411688
RCHDEN,egonet,H5MN2,S13Q2 LAST MO CONFID HANDLE PERS PBMS—W5,mental_health,2380,0.04326347024048116,0.17921482737261737,0.8096821517201542,False,0.087934318655882,0.035222387485115456,0.04326347024048116,1.21839350560105,True,False,,,,0.88328962005835
RCHDEN,egonet,H5ID1,S5Q1 HOW IS GEN PHYSICAL HEALTH—W5,functional,2438,0.1452117325571482,0.19481170889928245,0.45759422430722085,False,0.13777455453455267,0.1619203147845518,0.1452117325571482,0.16627967881656214,True,True,,,,0.6101256324096278
RCHDEN,egonet,H5ID4,S5Q4 LIMIT CLIMB SEV. FLIGHT STAIRS—W5,functional,2439,-0.1627012455048033,0.10586227438262656,0.12713463220897459,False,-0.16716203513782676,-0.16311876062727565,-0.1627012455048033,0.02741705891176947,True,True,,,,0.21794508378681357
RCHDEN,egonet,H5ID16,S5Q16 HOW OFTEN TROUBLE SLEEPING—W5,functional,2437,0.03792840141170539,0.2289852189768961,0.8687413261060042,False,0.04963448526320041,0.08886192011840705,0.03792840141170539,1.342885985460559,True,False,,,,0.9877576717173318
RCHDEN,egonet,H5LM5,S3Q5 CURRENTLY WORK—W5,ses,2436,-0.049826852335632776,0.08212142088845548,0.5452473919109306,False,-0.046094868054361235,-0.040840814458916866,-0.049826852335632776,0.18034528483128176,True,True,-0.040840814458916866,0.08214022962781417,0.6200167469966038,0.7269965225479075
RCHDEN,egonet,H5EC1,S4Q1 INCOME PERS EARNINGS [W4–W5]—W5,ses,2413,0.9226939401199641,0.7301795822098835,0.20897836313457807,False,1.1443664371970395,1.026278717598231,0.9226939401199641,0.2402448823368826,True,True,1.026278717598231,0.7506337136382423,0.17429521831021777,0.2786378175127707
FRIEND_N_NOMINEES,friendship_grid,H4BMI,S27 BMI—W4,cardiometabolic,4665,-0.08272548478114962,0.05419760482445744,0.12932906253298215,False,-0.09823186150906957,-0.11025537024730586,-0.08272548478114962,0.33278602765503995,True,False,,,,0.28217250007196104
FRIEND_N_NOMINEES,friendship_grid,H4SBP,S27 SYSTOLIC BLOOD PRESSURE—W4,cardiometabolic,4609,0.09791815317187125,0.0737381800539546,0.18651479670652615,False,0.1285929828617405,0.1123924383261672,0.09791815317187125,0.3132701005504785,True,False,,,,0.6888391576744928
FRIEND_N_NOMINEES,friendship_grid,H4DBP,S27 DIASTOLIC BLOOD PRESSURE—W4,cardiometabolic,4609,0.06970281782431637,0.06469973862481103,0.28331380438640696,False,0.0953743671033496,0.08348015140309366,0.06970281782431637,0.3683000211517634,True,False,,,,0.7320406064578797
FRIEND_N_NOMINEES,friendship_grid,H4WAIST,S27 MEASURED WAIST (CM)—W4,cardiometabolic,4689,-0.13121305084199128,0.12843287212654866,0.30883102131579454,False,-0.15444348141318928,-0.18275205300558864,-0.13121305084199128,0.392788688570784,True,False,,,,0.4724290688613176
FRIEND_N_NOMINEES,friendship_grid,H4BMICLS,S27 BMI CLASS—W4,cardiometabolic,4665,-0.015180778454231623,0.010414635787920689,0.14733320388323534,False,-0.01767013794126721,-0.019629704029898786,-0.015180778454231623,0.29306307242940033,True,True,,,,0.31929441229822375
FRIEND_N_NOMINEES,friendship_grid,H5MN1,S13Q1 LAST MO NO CNTRL IMPORT THINGS—W5,mental_health,3387,-0.006883532524712968,0.008582914094398068,0.4240030362506426,False,-0.005256342738319595,-0.004379465039621606,-0.006883532524712968,0.3637765167958987,True,False,,,,0.5855578430334779
FRIEND_N_NOMINEES,friendship_grid,H5MN2,S13Q2 LAST MO CONFID HANDLE PERS PBMS—W5,mental_health,3381,0.01091457072732308,0.006418702767603346,0.09142245763940382,False,0.009230927926399422,0.009065785642804955,0.01091457072732308,0.16938688022699364,True,True,,,,0.20134530828894884
FRIEND_N_NOMINEES,friendship_grid,H5ID1,S5Q1 HOW IS GEN PHYSICAL HEALTH—W5,functional,3457,-0.015917388716045172,0.007985821895580439,0.048316415009258096,True,-0.015378163293635557,-0.01640037446889224,-0.015917388716045172,0.06421977835009239,True,True,,,,0.1054176327474722
FRIEND_N_NOMINEES,friendship_grid,H5ID4,S5Q4 LIMIT CLIMB SEV. FLIGHT STAIRS—W5,functional,3457,-0.006362709476470222,0.003735147241519739,0.09085141580841216,False,-0.00670763245164639,-0.007138362576483261,-0.006362709476470222,0.12190610036203325,True,True,,,,0.1836182257254988
FRIEND_N_NOMINEES,friendship_grid,H5ID16,S5Q16 HOW OFTEN TROUBLE SLEEPING—W5,functional,3456,-0.011027821957185952,0.00956584185285469,0.2510780331920377,False,-0.009993261651603847,-0.009999647656744503,-0.011027821957185952,0.09381365691236651,True,True,,,,0.8608389709441292
FRIEND_N_NOMINEES,friendship_grid,H5LM5,S3Q5 CURRENTLY WORK—W5,ses,3455,-0.004074807248148204,0.0029949068437498108,0.1759831576313433,False,-0.00439733596235459,-0.004898253639974653,-0.004074807248148204,0.20208229289880258,True,True,-0.004898253639974653,0.002989374446299257,0.10370563215412809,0.3861476224858978
FRIEND_N_NOMINEES,friendship_grid,H5EC1,S4Q1 INCOME PERS EARNINGS [W4–W5]—W5,ses,3417,0.05638922230996304,0.021709307557600713,0.010465539092299858,True,0.06727397228910077,0.06829315688745405,0.05638922230996304,0.21110301028903858,True,True,0.06829315688745405,0.024249243997117247,0.0056099298534832975,0.02511729382151966
FRIEND_CONTACT_SUM,friendship_grid,H4BMI,S27 BMI—W4,cardiometabolic,4665,-0.043914209178931574,0.02208864936039251,0.048886453734433566,True,-0.05180437106971237,-0.05573443150468124,-0.043914209178931574,0.2691662345002578,True,True,,,,0.17576606301033035
FRIEND_CONTACT_SUM,friendship_grid,H4SBP,S27 SYSTOLIC BLOOD PRESSURE—W4,cardiometabolic,4609,0.0538526349250118,0.02852305120113204,0.06123241818296199,False,0.06385133036557786,0.06113767329509834,0.0538526349250118,0.18566771067913287,True,True,,,,0.4898593454636959
FRIEND_CONTACT_SUM,friendship_grid,H4DBP,S27 DIASTOLIC BLOOD PRESSURE—W4,cardiometabolic,4609,0.040175986890548736,0.025866585379658188,0.12278791065388295,False,0.046436981251915144,0.04440884068607773,0.040175986890548736,0.15583921755110103,True,True,,,,0.7320406064578797
FRIEND_CONTACT_SUM,friendship_grid,H4WAIST,S27 MEASURED WAIST (CM)—W4,cardiometabolic,4689,-0.08455976571435163,0.04926552742575116,0.0884509931794979,False,-0.09743615685708226,-0.10702283709809622,-0.08455976571435163,0.2656472755568683,True,True,,,,0.21228238363079494
FRIEND_CONTACT_SUM,friendship_grid,H4BMICLS,S27 BMI CLASS—W4,cardiometabolic,4665,-0.007594316277614728,0.0040326192083858774,0.0618875119608997,False,-0.008862326845788504,-0.009509418005732295,-0.007594316277614728,0.2521756611273338,True,True,,,,0.23111087010507142
FRIEND_CONTACT_SUM,friendship_grid,H5MN1,S13Q1 LAST MO NO CNTRL IMPORT THINGS—W5,mental_health,3387,-0.0025045463620401794,0.003950494451522824,0.527197378282265,False,-9.308583340148727e-05,-0.0008777203573600957,-0.0025045463620401794,0.9628332560289838,True,False,,,,0.6030950525464821
FRIEND_CONTACT_SUM,friendship_grid,H5MN2,S13Q2 LAST MO CONFID HANDLE PERS PBMS—W5,mental_health,3381,0.008024775802626281,0.0028231312725911224,0.00519361663605622,True,0.006148035860409546,0.007177274508577779,0.008024775802626281,0.23386820870466327,True,True,,,,0.12464679926534927
FRIEND_CONTACT_SUM,friendship_grid,H5ID1,S5Q1 HOW IS GEN PHYSICAL HEALTH—W5,functional,3457,-0.005419699234648865,0.0032952681599091355,0.10243105477543168,False,-0.005179220666909198,-0.0062490961676313255,-0.005419699234648865,0.19740495817226716,True,True,,,,0.20486210955086337
FRIEND_CONTACT_SUM,friendship_grid,H5ID4,S5Q4 LIMIT CLIMB SEV. FLIGHT STAIRS—W5,functional,3457,-0.0033451865560256305,0.0014725570343184114,0.024735877285274377,True,-0.0034087580139207704,-0.003798278885118625,-0.0033451865560256305,0.13544605704481466,True,True,,,,0.07420763185582313
FRIEND_CONTACT_SUM,friendship_grid,H5ID16,S5Q16 HOW OFTEN TROUBLE SLEEPING—W5,functional,3456,-0.0007473168501505947,0.004209264524808245,0.8593577261586025,False,0.002044944493470535,0.001108401902132788,-0.0007473168501505947,3.7363821557863313,False,False,,,,0.9877576717173318
FRIEND_CONTACT_SUM,friendship_grid,H5LM5,S3Q5 CURRENTLY WORK—W5,ses,3455,-0.002085340304701615,0.0012586686260879357,0.09995663436346924,False,-0.002421214335594846,-0.002684508204125056,-0.002085340304701615,0.28732379941660147,True,True,-0.002684508204125056,0.0012037490739841205,0.027441379235011443,0.3861476224858978
FRIEND_CONTACT_SUM,friendship_grid,H5EC1,S4Q1 INCOME PERS EARNINGS [W4–W5]—W5,ses,3417,0.03240946247038496,0.008431073731862556,0.00018791166657483593,True,0.03644323511542502,0.03926116450835456,0.03240946247038496,0.21141054234486403,True,True,0.03926116450835456,0.008287931919923943,5.556109210491655e-06,0.0011274699994490156
FRIEND_DISCLOSURE_ANY,friendship_grid,H4BMI,S27 BMI—W4,cardiometabolic,4665,0.02258977692137229,0.2774986432169321,0.9352441154051856,False,-0.05950137296019721,-0.08379737425204392,0.02258977692137229,4.709526417357528,False,False,,,,0.9705162251586485
FRIEND_DISCLOSURE_ANY,friendship_grid,H4SBP,S27 SYSTOLIC BLOOD PRESSURE—W4,cardiometabolic,4609,0.7315041092784627,0.48700975176831607,0.13549559238321507,False,0.6275022980476188,0.6117196576800619,0.7315041092784627,0.16375089364371878,True,True,,,,0.6888391576744928
FRIEND_DISCLOSURE_ANY,friendship_grid,H4DBP,S27 DIASTOLIC BLOOD PRESSURE—W4,cardiometabolic,4609,0.43062189744998397,0.3617088507250693,0.23599464776766177,False,0.4450086943699971,0.420927040750559,0.43062189744998397,0.05592296574336467,True,True,,,,0.7320406064578797
FRIEND_DISCLOSURE_ANY,friendship_grid,H4WAIST,S27 MEASURED WAIST (CM)—W4,cardiometabolic,4689,-0.17335508316648557,0.6990044316587565,0.8045205345442776,False,-0.38243602571401014,-0.4340252374261952,-0.17335508316648557,1.5036775934015676,True,False,,,,0.8394996882201158
FRIEND_DISCLOSURE_ANY,friendship_grid,H4BMICLS,S27 BMI CLASS—W4,cardiometabolic,4665,0.003671610740707232,0.046499627703744675,0.9371849239619956,False,-0.008741127746268788,-0.011921341076620226,0.003671610740707232,4.246896775970297,False,False,,,,0.9440673232105459
FRIEND_DISCLOSURE_ANY,friendship_grid,H5MN1,S13Q1 LAST MO NO CNTRL IMPORT THINGS—W5,mental_health,3387,0.04147188216833819,0.053445565210156025,0.43916838227510846,False,0.10949386595567531,0.0676599541559054,0.04147188216833819,1.6401952414705852,True,False,,,,0.5855578430334779
FRIEND_DISCLOSURE_ANY,friendship_grid,H5MN2,S13Q2 LAST MO CONFID HANDLE PERS PBMS—W5,mental_health,3381,0.08083787847411575,0.04766712111341419,0.09228326629910155,False,0.03887325397344685,0.09254859208936703,0.08083787847411575,0.6639874663844252,True,False,,,,0.20134530828894884
FRIEND_DISCLOSURE_ANY,friendship_grid,H5ID1,S5Q1 HOW IS GEN PHYSICAL HEALTH—W5,functional,3457,-0.04367695985205768,0.04620047027964247,0.3462058170278699,False,-0.023508923803967928,-0.07684541628342377,-0.04367695985205768,1.221158538966926,True,False,,,,0.5934956863334913
FRIEND_DISCLOSURE_ANY,friendship_grid,H5ID4,S5Q4 LIMIT CLIMB SEV. FLIGHT STAIRS—W5,functional,3457,-0.014111734146123822,0.02450228611899106,0.5656469540280571,False,-0.008367932941821385,-0.027088189907883004,-0.014111734146123822,1.3265738124186284,True,False,,,,0.6787763448336684
FRIEND_DISCLOSURE_ANY,friendship_grid,H5ID16,S5Q16 HOW OFTEN TROUBLE SLEEPING—W5,functional,3456,0.08677563300852772,0.06186810671584949,0.16310435632213816,False,0.158901843023928,0.11635809125423224,0.08677563300852772,0.8311804537146068,True,False,,,,0.8608389709441292
FRIEND_DISCLOSURE_ANY,friendship_grid,H5LM5,S3Q5 CURRENTLY WORK—W5,ses,3455,-0.0025290111488246864,0.018579694682700626,0.8919377896741683,False,-0.009582788407279027,-0.018957830990318267,-0.0025290111488246864,6.49614369993133,True,False,-0.018957830990318267,0.01958214358445066,0.3347692830000977,0.9788810790941835
FRIEND_DISCLOSURE_ANY,friendship_grid,H5EC1,S4Q1 INCOME PERS EARNINGS [W4–W5]—W5,ses,3417,0.3724413699618866,0.1545712142586557,0.01736386011886526,True,0.44521356690589675,0.5891741591359912,0.3724413699618866,0.5819245837171197,True,False,0.5891741591359912,0.15755792829808443,0.00027463565229846054,0.03472772023773052
SCHOOL_BELONG,belonging,H4BMI,S27 BMI—W4,cardiometabolic,4584,-0.005559902898218137,0.04180222225650718,0.8943935504565006,False,-0.06130405459702746,0.0008051478518764643,-0.005559902898218137,11.170914957671107,False,False,,,,0.9705162251586485
SCHOOL_BELONG,belonging,H4SBP,S27 SYSTOLIC BLOOD PRESSURE—W4,cardiometabolic,4531,0.059670346759334206,0.06288381612505792,0.3444195788372464,False,-0.01694199698455187,0.03907799624510838,0.059670346759334206,1.2839265716501245,False,False,,,,0.6888391576744928
SCHOOL_BELONG,belonging,H4DBP,S27 DIASTOLIC BLOOD PRESSURE—W4,cardiometabolic,4531,-0.002229667777573996,0.051219372929840044,0.9653439573551443,False,-0.052629013047797185,-0.01450877682116325,-0.002229667777573996,22.603970769609685,True,False,,,,0.9933502241857104
SCHOOL_BELONG,belonging,H4WAIST,S27 MEASURED WAIST (CM)—W4,cardiometabolic,4607,-0.10755753894359146,0.10148789264402865,0.29118273428225505,False,-0.22416056458790107,-0.08345388755516142,-0.10755753894359146,1.3081991129095398,True,False,,,,0.4724290688613176
SCHOOL_BELONG,belonging,H4BMICLS,S27 BMI CLASS—W4,cardiometabolic,4584,0.0011529988471935485,0.007485134733755895,0.8778164401871491,False,-0.009415231630118984,0.001097664318133951,0.0011529988471935485,9.165863871447995,False,False,,,,0.9440673232105459
SCHOOL_BELONG,belonging,H5MN1,S13Q1 LAST MO NO CNTRL IMPORT THINGS—W5,mental_health,3331,-0.018406452288178627,0.007354375931541734,0.013552012400958047,True,-0.029239707036290533,-0.017132399118324315,-0.018406452288178627,0.6577752044994583,True,False,,,,0.2533502773247438
SCHOOL_BELONG,belonging,H5MN2,S13Q2 LAST MO CONFID HANDLE PERS PBMS—W5,mental_health,3325,0.01158360902458605,0.005738735989833136,0.045581309387837,True,0.026738685993502022,0.011688893310799585,0.01158360902458605,1.3083208296092808,True,False,,,,0.20134530828894884
SCHOOL_BELONG,belonging,H5ID1,S5Q1 HOW IS GEN PHYSICAL HEALTH—W5,functional,3401,-0.02013819239529854,0.005495248209560009,0.000358547489009986,True,-0.03914305334329244,-0.020100452848727118,-0.02013819239529854,0.945596313749143,True,False,,,,0.004302569868119832
SCHOOL_BELONG,belonging,H5ID4,S5Q4 LIMIT CLIMB SEV. FLIGHT STAIRS—W5,functional,3401,-0.010675481353846918,0.003285472713714639,0.001470185942758384,True,-0.015602290000871216,-0.009259782313570372,-0.010675481353846918,0.5941191293463611,True,False,,,,0.01764223131310061
SCHOOL_BELONG,belonging,H5ID16,S5Q16 HOW OFTEN TROUBLE SLEEPING—W5,functional,3400,-0.019612144361897912,0.007248026843667216,0.007719708860945085,True,-0.03281954110707699,-0.02001621427719124,-0.019612144361897912,0.6734295088525937,True,False,,,,0.18527301266268204
SCHOOL_BELONG,belonging,H5LM5,S3Q5 CURRENTLY WORK—W5,ses,3400,-0.00507459476527468,0.0022130531733546986,0.023439607613557678,True,-0.007338343506134564,-0.004964182232621637,-0.00507459476527468,0.46785238690569936,True,False,-0.004964182232621637,0.0019058021060528161,0.010255963896520726,0.14063764568134607
SCHOOL_BELONG,belonging,H5EC1,S4Q1 INCOME PERS EARNINGS [W4–W5]—W5,ses,3362,0.055245403815013056,0.02057983547582539,0.008203927523708687,True,0.09745593827963972,0.05390036227956854,0.055245403815013056,0.7884018034498439,True,False,0.05390036227956854,0.02000645683800883,0.007981193524698282,0.022869806623521782
H1FS13,loneliness,H4BMI,S27 BMI—W4,cardiometabolic,4665,0.0798794704309772,0.21872878620652997,0.7155520388992023,False,0.13409566874940893,-0.02708376355349107,0.0798794704309772,2.0177829351306604,False,False,,,,0.9540693851989364
H1FS13,loneliness,H4SBP,S27 SYSTOLIC BLOOD PRESSURE—W4,cardiometabolic,4609,-0.19345488159857305,0.42973145299977533,0.653327482245095,False,-0.06742304673207089,-0.2702389558119438,-0.19345488159857305,1.0483886857956077,True,False,,,,0.8711033096601266
H1FS13,loneliness,H4DBP,S27 DIASTOLIC BLOOD PRESSURE—W4,cardiometabolic,4609,0.008959237824802381,0.33408534112092536,0.9786463333494912,False,0.1417369064421814,0.06003976099470165,0.008959237824802381,14.820196897754277,True,False,,,,0.9933502241857104
H1FS13,loneliness,H4WAIST,S27 MEASURED WAIST (CM)—W4,cardiometabolic,4689,-0.31793104791751725,0.4860161165626715,0.5141571507030591,False,0.10000159418925192,-0.511717716766573,-0.31793104791751725,1.9240628273415024,False,False,,,,0.6855428676040788
H1FS13,loneliness,H4BMICLS,S27 BMI CLASS—W4,cardiometabolic,4665,0.03173772371181807,0.03855888526307511,0.4119483782999078,False,0.03214167230393105,0.010172432693721804,0.03173772371181807,0.6922122017852412,True,False,,,,0.6591174052798525
H1FS13,loneliness,H5MN1,S13Q1 LAST MO NO CNTRL IMPORT THINGS—W5,mental_health,3387,-0.025822770940891242,0.0385090254288828,0.5036787281017019,False,0.12394934109765081,-0.024336248704325963,-0.025822770940891242,5.8000015715344,False,False,,,,0.6030950525464821
H1FS13,loneliness,H5MN2,S13Q2 LAST MO CONFID HANDLE PERS PBMS—W5,mental_health,3381,0.02297508205673541,0.03535713846691941,0.5169589954342904,False,-0.12884634362481784,0.039802056119472344,0.02297508205673541,7.3404917261154665,False,False,,,,0.6203507945211484
H1FS13,loneliness,H5ID1,S5Q1 HOW IS GEN PHYSICAL HEALTH—W5,functional,3457,0.006889247384222391,0.03184126383846557,0.8290419509977269,False,0.13985265209721093,-0.014432832325028504,0.006889247384222391,22.39511456296094,False,False,,,,0.8650872532150193
H1FS13,loneliness,H5ID4,S5Q4 LIMIT CLIMB SEV. FLIGHT STAIRS—W5,functional,3457,0.02589592021252156,0.01926569412364663,0.1812241073234977,False,0.062428333900118316,0.01954569887276857,0.02589592021252156,1.6559610423349442,True,False,,,,0.27183616098524654
H1FS13,loneliness,H5ID16,S5Q16 HOW OFTEN TROUBLE SLEEPING—W5,functional,3456,0.03753225762190617,0.05278913515568499,0.47835782030277696,False,0.15294488163489692,0.03333512287688793,0.03753225762190617,3.186852226235313,True,False,,,,0.9877576717173318
H1FS13,loneliness,H5LM5,S3Q5 CURRENTLY WORK—W5,ses,3455,0.000558649156207066,0.0133857140093104,0.9667737103528511,False,0.017588621015703965,-0.010451554026420397,0.000558649156207066,50.19281731758516,False,False,-0.010451554026420397,0.013170096910491756,0.42887380708447864,0.9788810790941835
H1FS13,loneliness,H5EC1,S4Q1 INCOME PERS EARNINGS [W4–W5]—W5,ses,3417,0.16979599688783567,0.11325474198642418,0.13621753888163934,False,-0.24012507166416708,0.2831718408461496,0.16979599688783567,3.081915487418691,False,False,0.2831718408461496,0.11776873198663888,0.017594555437907777,0.20432630832245902
H1FS14,loneliness,H4BMI,S27 BMI—W4,cardiometabolic,4665,0.17173056021356164,0.2345608273248944,0.4653930386379068,False,0.17932619230447322,0.15168630909932518,0.17173056021356164,0.1609491238529443,True,True,,,,0.7978166376649831
H1FS14,loneliness,H4SBP,S27 SYSTOLIC BLOOD PRESSURE—W4,cardiometabolic,4609,-0.39736619609427193,0.397050359193616,0.3187707451846351,False,-0.2019897187731713,-0.288798791957857,-0.39736619609427193,0.49167865621551043,True,False,,,,0.6888391576744928
H1FS14,loneliness,H4DBP,S27 DIASTOLIC BLOOD PRESSURE—W4,cardiometabolic,4609,-0.15383593072351553,0.3179559092962786,0.629315836199515,False,-0.059327109556128244,-0.15495989346978714,-0.15383593072351553,0.6216544045586898,True,False,,,,0.9933502241857104
H1FS14,loneliness,H4WAIST,S27 MEASURED WAIST (CM)—W4,cardiometabolic,4689,0.316884835423598,0.5250577982726234,0.5472039300593572,False,0.4619333385898956,0.3672453507632425,0.316884835423598,0.4577325480798189,True,False,,,,0.6912049642855038
H1FS14,loneliness,H4BMICLS,S27 BMI CLASS—W4,cardiometabolic,4665,0.038900422237534836,0.03971887567130223,0.32919067280145553,False,0.04294209211912782,0.04198235448663695,0.038900422237534836,0.10389784092608628,True,True,,,,0.6077366267103794
H1FS14,loneliness,H5MN1,S13Q1 LAST MO NO CNTRL IMPORT THINGS—W5,mental_health,3387,-0.002687567793947649,0.03527433396670218,0.9393838075132477,False,0.10318936598660551,-0.008194850580256187,-0.002687567793947649,41.444244427134755,False,False,,,,0.9393838075132477
H1FS14,loneliness,H5MN2,S13Q2 LAST MO CONFID HANDLE PERS PBMS—W5,mental_health,3381,-0.03996213181579426,0.03293511526335615,0.22717568583977665,False,-0.1506503657356897,-0.038183379558923466,-0.03996213181579426,2.814339002112891,True,False,,,,0.36348109734364265
H1FS14,loneliness,H5ID1,S5Q1 HOW IS GEN PHYSICAL HEALTH—W5,functional,3457,0.0280865919387635,0.032790811854423466,0.3932641130087877,False,0.12958691271308898,0.023151413903110207,0.0280865919387635,3.789548373901592,True,False,,,,0.5959854021702277
H1FS14,loneliness,H5ID4,S5Q4 LIMIT CLIMB SEV. FLIGHT STAIRS—W5,functional,3457,0.024720828191405548,0.01783023575499827,0.16796294438167747,False,0.05888384410593567,0.02699706267123915,0.024720828191405548,1.381952726260492,True,False,,,,0.268740711010684
H1FS14,loneliness,H5ID16,S5Q16 HOW OFTEN TROUBLE SLEEPING—W5,functional,3456,-0.023429160324139293,0.04207098293661286,0.5785487036052093,False,0.09434983450336955,-0.010670217700022334,-0.023429160324139293,5.0270258599989175,False,False,,,,0.9877576717173318
H1FS14,loneliness,H5LM5,S3Q5 CURRENTLY WORK—W5,ses,3455,-0.0007286334593722141,0.014247074798933454,0.9592897342564193,False,0.01654007963773615,-0.0024648110438797626,-0.0007286334593722141,26.0829233644999,False,False,-0.0024648110438797626,0.014666626251961423,0.8667985895089596,0.9788810790941835
H1FS14,loneliness,H5EC1,S4Q1 INCOME PERS EARNINGS [W4–W5]—W5,ses,3417,-0.13287267307606904,0.11345383017009489,0.2436600299815379,False,-0.4173624855245961,-0.12383400551529497,-0.13287267307606904,2.2090959202819476,True,False,-0.12383400551529497,0.11260400188813911,0.27346661381940285,0.30778109050299524
H1DA7,qualitative,H4BMI,S27 BMI—W4,cardiometabolic,4665,-0.18194771351453365,0.11733529639541473,0.12339459495154448,False,-0.22920929901529932,-0.20763339740504588,-0.18194771351453365,0.2597536654231739,True,True,,,,0.28217250007196104
H1DA7,qualitative,H4SBP,S27 SYSTOLIC BLOOD PRESSURE—W4,cardiometabolic,4609,0.5348888295903516,0.1750933127077765,0.0027284346524192316,True,0.5000509486607743,0.48722653597916454,0.5348888295903516,0.08910691525880157,True,True,,,,0.06548243165806156
H1DA7,qualitative,H4DBP,S27 DIASTOLIC BLOOD PRESSURE—W4,cardiometabolic,4609,0.12188307052479314,0.1485975495103831,0.4135791641319593,False,0.14103687518709565,0.13430445268488092,0.12188307052479314,0.15714901651092142,True,True,,,,0.8271583282639186
H1DA7,qualitative,H4WAIST,S27 MEASURED WAIST (CM)—W4,cardiometabolic,4689,-0.15368192953984122,0.2932228220560284,0.6010855119046024,False,-0.21417654405882058,-0.1682803166535768,-0.15368192953984122,0.3936351833954327,True,False,,,,0.6950361141697804
H1DA7,qualitative,H4BMICLS,S27 BMI CLASS—W4,cardiometabolic,4665,-0.031057986002785032,0.021849657895470612,0.15756502952650364,False,-0.03863943852058901,-0.03503339153561246,-0.031057986002785032,0.2441063795032985,True,True,,,,0.31929441229822375
H1DA7,qualitative,H5MN1,S13Q1 LAST MO NO CNTRL IMPORT THINGS—W5,mental_health,3387,-0.021750103171108703,0.018374413697125058,0.23866867614383058,False,-0.024875860639134148,-0.025392335606801156,-0.021750103171108703,0.16745816822287707,True,True,,,,0.40644535558376127
H1DA7,qualitative,H5MN2,S13Q2 LAST MO CONFID HANDLE PERS PBMS—W5,mental_health,3381,0.01509710976575028,0.020168479682094516,0.4554705088833,False,0.018048058885990856,0.018752635162452187,0.01509710976575028,0.24213412059803216,True,True,,,,0.5753311691157473
H1DA7,qualitative,H5ID1,S5Q1 HOW IS GEN PHYSICAL HEALTH—W5,functional,3457,-0.010633395553397481,0.016962481119265068,0.5318306018751615,False,-0.014358327971781298,-0.012733926165599232,-0.010633395553397481,0.3503050742049808,True,False,,,,0.6717860234212566
H1DA7,qualitative,H5ID4,S5Q4 LIMIT CLIMB SEV. FLIGHT STAIRS—W5,functional,3457,-0.003451989768309574,0.011324617668894747,0.7609856602312557,False,-0.006129659659807416,-0.005415242332324614,-0.003451989768309574,0.7756888262183601,True,False,,,,0.7940719932847885
H1DA7,qualitative,H5ID16,S5Q16 HOW OFTEN TROUBLE SLEEPING—W5,functional,3456,0.05439224263520047,0.02330886417637186,0.021142202424505152,True,0.055656151579988766,0.055239957327916034,0.05439224263520047,0.02323693386325546,True,True,,,,0.2537064290940618
H1DA7,qualitative,H5LM5,S3Q5 CURRENTLY WORK—W5,ses,3455,-0.0019895231152973606,0.007447132791691479,0.7897715555918992,False,0.00037882663234408386,3.357263604803016e-05,-0.0019895231152973606,1.1904107720243617,False,False,3.357263604803016e-05,0.007329169384419434,0.996352121065831,0.9477258667102789
H1DA7,qualitative,H5EC1,S4Q1 INCOME PERS EARNINGS [W4–W5]—W5,ses,3417,0.03932698178001684,0.05434308873553701,0.47055278574018433,False,0.023239562916232234,0.0230860473657086,0.03932698178001684,0.4129717989840939,True,False,0.0230860473657086,0.057039388459715984,0.6863297112616888,0.5377746122744963
H1PR4,qualitative,H4BMI,S27 BMI—W4,cardiometabolic,4654,0.03539859923156956,0.15370961844066156,0.8182215707305103,False,-0.18733978116194444,-0.0068878792634367025,0.03539859923156956,6.292293628242472,False,False,,,,0.9705162251586485
H1PR4,qualitative,H4SBP,S27 SYSTOLIC BLOOD PRESSURE—W4,cardiometabolic,4599,0.32844366531448665,0.2659952441664542,0.21912530988157997,False,0.15217569218138705,0.33037591882686557,0.32844366531448665,0.5425594872559067,True,False,,,,0.6888391576744928
H1PR4,qualitative,H4DBP,S27 DIASTOLIC BLOOD PRESSURE—W4,cardiometabolic,4599,0.09173075438699507,0.2221568265822476,0.6803476645372242,False,0.003746493535934148,0.12901322494196554,0.09173075438699507,1.3655914228891461,True,False,,,,0.9933502241857104
H1PR4,qualitative,H4WAIST,S27 MEASURED WAIST (CM)—W4,cardiometabolic,4678,-0.336303514730791,0.34728332847210186,0.33463725711009995,False,-0.8316824883988625,-0.40339099249835114,-0.336303514730791,1.4730115861697712,True,False,,,,0.4724290688613176
H1PR4,qualitative,H4BMICLS,S27 BMI CLASS—W4,cardiometabolic,4654,-0.00728012046953957,0.025460280424530673,0.7753755044539994,False,-0.045467301335529266,-0.015605455177907353,-0.00728012046953957,5.245405076161444,True,False,,,,0.9440673232105459
H1PR4,qualitative,H5MN1,S13Q1 LAST MO NO CNTRL IMPORT THINGS—W5,mental_health,3379,-0.03628256258048973,0.03132463666159544,0.24885884359061716,False,-0.07345278972333617,-0.032734534436441386,-0.03628256258048973,1.1222541185332446,True,False,,,,0.40644535558376127
H1PR4,qualitative,H5MN2,S13Q2 LAST MO CONFID HANDLE PERS PBMS—W5,mental_health,3374,0.04661588583008091,0.02692727911189875,0.08577459023600253,False,0.0946195497225619,0.04735687020545768,0.04661588583008091,1.0297704964238725,True,False,,,,0.20134530828894884
H1PR4,qualitative,H5ID1,S5Q1 HOW IS GEN PHYSICAL HEALTH—W5,functional,3448,-0.005183102582016348,0.02176500336326489,0.8121451449561108,False,-0.07711806914843171,-0.01111043087036994,-0.005183102582016348,13.878746451209727,True,False,,,,0.8650872532150193
H1PR4,qualitative,H5ID4,S5Q4 LIMIT CLIMB SEV. FLIGHT STAIRS—W5,functional,3448,-0.0023318972011314313,0.013750892515102066,0.8656008545834246,False,-0.02660094157745285,-0.0023913815969479795,-0.0023318972011314313,10.407424634561993,True,False,,,,0.8656008545834246
H1PR4,qualitative,H5ID16,S5Q16 HOW OFTEN TROUBLE SLEEPING—W5,functional,3447,0.06330686671153804,0.03638071882935062,0.08418609816746159,False,0.023151365104836504,0.07340122782635249,0.06330686671153804,0.7937505887075856,True,False,,,,0.6734887853396927
H1PR4,qualitative,H5LM5,S3Q5 CURRENTLY WORK—W5,ses,3446,0.004266973429291398,0.00965333684640361,0.65920317566767,False,-0.007797480727831997,0.001836490373959001,0.004266973429291398,2.827403159884897,False,False,0.001836490373959001,0.009509393861444285,0.8471611077597698,0.8326776955802146
H1PR4,qualitative,H5EC1,S4Q1 INCOME PERS EARNINGS [W4–W5]—W5,ses,3409,0.13275779660845807,0.07665525844753572,0.08564865201514404,False,0.30778266118676506,0.17171841852875236,0.13275779660845807,1.3183772934595093,True,False,0.17171841852875236,0.07701783648988351,0.027477477340160927,0.1370378432242305
