spec_id,spec_label,outcome,term,beta,se,t,p,ci_lo,ci_hi,n,n_psu,r2,ahpvt_adjusted
S01,IDGX2 -> C4WD90_1 (linear+AHPVT),C4WD90_1,const,4.391876271332938,0.31194541766294714,14.07898953681154,1.56443826811773e-26,3.7737964129957575,5.009956129670119,3274,113,0.0965107725954053,True
S01,IDGX2 -> C4WD90_1 (linear+AHPVT),C4WD90_1,idgx2,0.011458695437216192,0.010826597193882027,1.0583838330746576,0.2921578290985882,-0.009992819093760555,0.03291020996819294,3274,113,0.0965107725954053,True
S01,IDGX2 -> C4WD90_1 (linear+AHPVT),C4WD90_1,male,-0.6930014430918856,0.06479432412459382,-10.695403531940613,8.034632676460685e-19,-0.8213830906763157,-0.5646197955074556,3274,113,0.0965107725954053,True
S01,IDGX2 -> C4WD90_1 (linear+AHPVT),C4WD90_1,race_NH-Black,-0.30271859192787187,0.10052588309655977,-3.0113497400176694,0.003215066941352691,-0.5018977433609458,-0.10353944049479794,3274,113,0.0965107725954053,True
S01,IDGX2 -> C4WD90_1 (linear+AHPVT),C4WD90_1,race_Hispanic,0.015774600521344113,0.12100510700496242,0.13036309716,0.8965130178469761,-0.22398150795437982,0.25553070899706803,3274,113,0.0965107725954053,True
S01,IDGX2 -> C4WD90_1 (linear+AHPVT),C4WD90_1,race_Other,-0.002694479268156233,0.19613119450258934,-0.01373814744253067,0.9890633312828553,-0.3913033000736093,0.3859143415372968,3274,113,0.0965107725954053,True
S01,IDGX2 -> C4WD90_1 (linear+AHPVT),C4WD90_1,parent_ed,0.06107992933782739,0.0166470670614877,3.669110547354812,0.0003742228411320872,0.028095899861839947,0.09406395881381482,3274,113,0.0965107725954053,True
S01,IDGX2 -> C4WD90_1 (linear+AHPVT),C4WD90_1,cesd_sum,-0.0181801363827084,0.005180409268667767,-3.5094015626652872,0.0006479077882168137,-0.028444453297170685,-0.007915819468246111,3274,113,0.0965107725954053,True
S01,IDGX2 -> C4WD90_1 (linear+AHPVT),C4WD90_1,srh,-0.0007577199276736116,0.048776802183690335,-0.01553443222497626,0.9876334536717708,-0.09740270099423466,0.09588726113888744,3274,113,0.0965107725954053,True
S01,IDGX2 -> C4WD90_1 (linear+AHPVT),C4WD90_1,ahpvt,0.039708348227209006,0.003768862138183184,10.535898308647287,1.882169419693114e-18,0.0322408310124584,0.04717586544195961,3274,113,0.0965107725954053,True
S01C,IDGX2 -> W4_COG_COMP (linear+AHPVT),W4_COG_COMP,const,-1.206161584852057,0.12096363229514269,-9.971274522487125,3.8309043953710386e-17,-1.445835516506714,-0.9664876531974002,3268,113,0.15679469513436917,True
S01C,IDGX2 -> W4_COG_COMP (linear+AHPVT),W4_COG_COMP,idgx2,0.009263823101364678,0.003763713643211335,2.4613517338318154,0.015366830758031594,0.0018065069694403243,0.01672113923328903,3268,113,0.15679469513436917,True
S01C,IDGX2 -> W4_COG_COMP (linear+AHPVT),W4_COG_COMP,male,-0.254140244036388,0.02650762172082181,-9.587440424229388,2.9610006981340383e-16,-0.3066616985934273,-0.20161878947934875,3268,113,0.15679469513436917,True
S01C,IDGX2 -> W4_COG_COMP (linear+AHPVT),W4_COG_COMP,race_NH-Black,-0.17827256687397922,0.03584294230195952,-4.9737146401687315,2.3891528106545753e-06,-0.24929076251331944,-0.10725437123463898,3268,113,0.15679469513436917,True
S01C,IDGX2 -> W4_COG_COMP (linear+AHPVT),W4_COG_COMP,race_Hispanic,0.04408402235259014,0.052748457266277915,0.8357405057374645,0.4050802949506856,-0.06043028415302017,0.14859832885820046,3268,113,0.15679469513436917,True
S01C,IDGX2 -> W4_COG_COMP (linear+AHPVT),W4_COG_COMP,race_Other,0.0492886613649222,0.09556613390682203,0.5157544765071187,0.6070425351200178,-0.14006338281474978,0.2386407055445942,3268,113,0.15679469513436917,True
S01C,IDGX2 -> W4_COG_COMP (linear+AHPVT),W4_COG_COMP,parent_ed,0.025862187042822664,0.006740243457053678,3.836981142833622,0.00020649444841178884,0.012507258631612075,0.03921711545403325,3268,113,0.15679469513436917,True
S01C,IDGX2 -> W4_COG_COMP (linear+AHPVT),W4_COG_COMP,cesd_sum,-0.007984875381396379,0.0016912481460837523,-4.721291431943991,6.8322924877244675e-06,-0.01133586679000853,-0.004633883972784227,3268,113,0.15679469513436917,True
S01C,IDGX2 -> W4_COG_COMP (linear+AHPVT),W4_COG_COMP,srh,-0.02589082736975756,0.014105299095578503,-1.8355390548133352,0.06907894848116018,-0.053838669438137046,0.002057014698621927,3268,113,0.15679469513436917,True
S01C,IDGX2 -> W4_COG_COMP (linear+AHPVT),W4_COG_COMP,ahpvt,0.020900403360697022,0.0015089568838324476,13.85089500212504,5.0294814583445345e-26,0.01791059872120783,0.023890208000186215,3268,113,0.15679469513436917,True
S01_noAHPVT,IDGX2 -> C4WD90_1 (linear),C4WD90_1,const,7.122259802503131,0.15186670469044447,46.89809933665643,1.8442617786058002e-75,6.821355394211341,7.423164210794921,3419,113,0.06139931156149425,False
S01_noAHPVT,IDGX2 -> C4WD90_1 (linear),C4WD90_1,idgx2,0.01206316390322661,0.01107747631392181,1.088981240976884,0.27849980091124726,-0.009885435445137931,0.03401176325159115,3419,113,0.06139931156149425,False
S01_noAHPVT,IDGX2 -> C4WD90_1 (linear),C4WD90_1,male,-0.68544619986516,0.06576325195803108,-10.42293651023522,3.439715574516062e-18,-0.8157476537494117,-0.5551447459809082,3419,113,0.06139931156149425,False
S01_noAHPVT,IDGX2 -> C4WD90_1 (linear),C4WD90_1,race_NH-Black,-0.6630994843418139,0.10148541075528329,-6.533939010610874,1.9606018263907175e-09,-0.8641798168334769,-0.4620191518501509,3419,113,0.06139931156149425,False
S01_noAHPVT,IDGX2 -> C4WD90_1 (linear),C4WD90_1,race_Hispanic,-0.2740063496028733,0.11365586104240126,-2.410842231010423,0.017542787821687198,-0.49920086926778506,-0.04881182993796154,3419,113,0.06139931156149425,False
S01_noAHPVT,IDGX2 -> C4WD90_1 (linear),C4WD90_1,race_Other,-0.1421507400778289,0.19318154303580443,-0.7358401731550647,0.46336624503161034,-0.5249152046032858,0.24061372444762796,3419,113,0.06139931156149425,False
S01_noAHPVT,IDGX2 -> C4WD90_1 (linear),C4WD90_1,parent_ed,0.07945388564325077,0.01705838796117639,4.657760500234949,8.855226577841005e-06,0.045654876529750595,0.11325289475675096,3419,113,0.06139931156149425,False
S01_noAHPVT,IDGX2 -> C4WD90_1 (linear),C4WD90_1,cesd_sum,-0.023986325363526108,0.005350486548125685,-4.483017599946812,1.7873947806749233e-05,-0.03458762860585715,-0.01338502212119506,3419,113,0.06139931156149425,False
S01_noAHPVT,IDGX2 -> C4WD90_1 (linear),C4WD90_1,srh,-0.01161114829057753,0.047932231894772324,-0.24224092706694694,0.8090365011746032,-0.10658272159099451,0.08336042500983944,3419,113,0.06139931156149425,False
S01C_noAHPVT,IDGX2 -> W4_COG_COMP (linear),W4_COG_COMP,const,0.22607882520106196,0.057892751414271144,3.905131811464246,0.00016139495943489875,0.11137175926318475,0.34078589113893915,3413,113,0.08841371137830545,False
S01C_noAHPVT,IDGX2 -> W4_COG_COMP (linear),W4_COG_COMP,idgx2,0.010398612277387356,0.003953127025737554,2.6304776471095654,0.009726416228345039,0.0025659978079651674,0.018231226746809544,3413,113,0.08841371137830545,False
S01C_noAHPVT,IDGX2 -> W4_COG_COMP (linear),W4_COG_COMP,male,-0.24396917420742378,0.027035113114953505,-9.024159550214014,5.879207652488064e-15,-0.2975357853453854,-0.19040256306946216,3413,113,0.08841371137830545,False
S01C_noAHPVT,IDGX2 -> W4_COG_COMP (linear),W4_COG_COMP,race_NH-Black,-0.3625960237032101,0.0412401579800824,-8.79230443002502,1.9983153009008376e-14,-0.4443081103659915,-0.2808839370404287,3413,113,0.08841371137830545,False
S01C_noAHPVT,IDGX2 -> W4_COG_COMP (linear),W4_COG_COMP,race_Hispanic,-0.11234991686433848,0.05155607781663049,-2.1791788984401306,0.0314128229590348,-0.21450167633577966,-0.010198157392897297,3413,113,0.08841371137830545,False
S01C_noAHPVT,IDGX2 -> W4_COG_COMP (linear),W4_COG_COMP,race_Other,-0.01545195639572031,0.09582802525308945,-0.16124673710963427,0.8721895780223796,-0.20532290470744657,0.17441899191600596,3413,113,0.08841371137830545,False
S01C_noAHPVT,IDGX2 -> W4_COG_COMP (linear),W4_COG_COMP,parent_ed,0.0356531385416486,0.007279824849306047,4.897526970727497,3.2917514350468097e-06,0.021229098767997452,0.05007717831529975,3413,113,0.08841371137830545,False
S01C_noAHPVT,IDGX2 -> W4_COG_COMP (linear),W4_COG_COMP,cesd_sum,-0.011278256983641887,0.0017988868918232571,-6.269575388484175,6.963172150434993e-09,-0.01484252076925093,-0.007713993198032844,3413,113,0.08841371137830545,False
S01C_noAHPVT,IDGX2 -> W4_COG_COMP (linear),W4_COG_COMP,srh,-0.03083363601880633,0.013983298511745486,-2.2050330966550664,0.02949537484642549,-0.05853974956898062,-0.0031275224686320366,3413,113,0.08841371137830545,False
S02,IDGX2 quintiles -> C4WD90_1+AHPVT,C4WD90_1,const,3.8225683263694687,0.3160117812653934,12.096284230489479,4.4099130275720085e-23,3.197421641819427,4.447715010919511,4721,132,0.10970800442327444,True
S02,IDGX2 quintiles -> C4WD90_1+AHPVT,C4WD90_1,idg_q2,0.11655247497596685,0.08395734046694438,1.3882344810797789,0.1674219281208206,-0.04953517158702883,0.28264012153896256,4721,132,0.10970800442327444,True
S02,IDGX2 quintiles -> C4WD90_1+AHPVT,C4WD90_1,idg_q3,0.18557262178987935,0.082990952680691,2.236058459334392,0.02703984006559377,0.021396720789491647,0.349748522790267,4721,132,0.10970800442327444,True
S02,IDGX2 quintiles -> C4WD90_1+AHPVT,C4WD90_1,idg_q4,0.20061215848399644,0.1126480512323381,1.7808755348126812,0.07725041492896761,-0.02223255783301306,0.4234568748010059,4721,132,0.10970800442327444,True
S02,IDGX2 quintiles -> C4WD90_1+AHPVT,C4WD90_1,idg_q5,0.12625702879106607,0.10341755634883631,1.2208471486716457,0.2243367391446273,-0.07832756681123135,0.3308416243933635,4721,132,0.10970800442327444,True
S02,IDGX2 quintiles -> C4WD90_1+AHPVT,C4WD90_1,male,-0.6355522570831613,0.06561595411116923,-9.685940952811304,4.615351323995872e-17,-0.7653562662942484,-0.5057482478720743,4721,132,0.10970800442327444,True
S02,IDGX2 quintiles -> C4WD90_1+AHPVT,C4WD90_1,race_NH-Black,-0.30562721606187343,0.0809255799701293,-3.7766453595350753,0.00024014805394385335,-0.4657173171683533,-0.1455371149553936,4721,132,0.10970800442327444,True
S02,IDGX2 quintiles -> C4WD90_1+AHPVT,C4WD90_1,race_Hispanic,-0.04705303023345439,0.10053793842888727,-0.4680126822645767,0.6405532304824209,-0.24594105468825017,0.1518349942213414,4721,132,0.10970800442327444,True
S02,IDGX2 quintiles -> C4WD90_1+AHPVT,C4WD90_1,race_Other,0.030799760561185857,0.15034921778266097,0.20485481078929724,0.8380035162566629,-0.2666268563996156,0.32822637752198736,4721,132,0.10970800442327444,True
S02,IDGX2 quintiles -> C4WD90_1+AHPVT,C4WD90_1,parent_ed,0.045313751076264216,0.014248431845516107,3.1802623311507907,0.00183692535396798,0.01712695407586681,0.07350054807666162,4721,132,0.10970800442327444,True
S02,IDGX2 quintiles -> C4WD90_1+AHPVT,C4WD90_1,cesd_sum,-0.017452729796193465,0.004683487236166743,-3.726439064767872,0.0002877195186406425,-0.026717784744772093,-0.008187674847614838,4721,132,0.10970800442327444,True
S02,IDGX2 quintiles -> C4WD90_1+AHPVT,C4WD90_1,srh,0.04070855083529874,0.04458604836909225,0.9130333887925028,0.36290227466665903,-0.04749328836042936,0.12891039003102683,4721,132,0.10970800442327444,True
S02,IDGX2 quintiles -> C4WD90_1+AHPVT,C4WD90_1,ahpvt,0.046312024238141195,0.0035569803576593804,13.020039354003112,2.2117768981139816e-25,0.03927546861133395,0.05334857986494844,4721,132,0.10970800442327444,True
S02C,IDGX2 quintiles -> W4_COG_COMP+AHPVT,W4_COG_COMP,const,-1.402368229815599,0.14740786118103788,-9.51352403175629,1.2319570863296523e-16,-1.69397614178945,-1.110760317841748,4710,132,0.1770166647732141,True
S02C,IDGX2 quintiles -> W4_COG_COMP+AHPVT,W4_COG_COMP,idg_q2,0.08224688360184029,0.0318578064201284,2.581686966051594,0.010931440346938387,0.01922454316620127,0.14526922403747933,4710,132,0.1770166647732141,True
S02C,IDGX2 quintiles -> W4_COG_COMP+AHPVT,W4_COG_COMP,idg_q3,0.0928763581821845,0.033607180152323675,2.763586762150969,0.0065408140010567795,0.026393339209999506,0.15935937715436949,4710,132,0.1770166647732141,True
S02C,IDGX2 quintiles -> W4_COG_COMP+AHPVT,W4_COG_COMP,idg_q4,0.0862804789082332,0.042223236516060546,2.0434359378257163,0.04301418074289791,0.0027528451811227733,0.16980811263534362,4710,132,0.1770166647732141,True
S02C,IDGX2 quintiles -> W4_COG_COMP+AHPVT,W4_COG_COMP,idg_q5,0.10793727903141585,0.03751263985095951,2.877357590941577,0.004683773650604728,0.03372832916997838,0.1821462288928533,4710,132,0.1770166647732141,True
S02C,IDGX2 quintiles -> W4_COG_COMP+AHPVT,W4_COG_COMP,male,-0.23314245962746624,0.02501749304537298,-9.319177553267522,3.712877676388316e-16,-0.2826330285247511,-0.1836518907301814,4710,132,0.1770166647732141,True
S02C,IDGX2 quintiles -> W4_COG_COMP+AHPVT,W4_COG_COMP,race_NH-Black,-0.19618390346548037,0.03284456174644171,-5.973101574014286,2.0615769973101946e-08,-0.2611582813164232,-0.13120952561453753,4710,132,0.1770166647732141,True
S02C,IDGX2 quintiles -> W4_COG_COMP+AHPVT,W4_COG_COMP,race_Hispanic,-0.029446803078127238,0.04540371147088254,-0.6485549776478408,0.5177613347771759,-0.11926617493392354,0.06037256877766907,4710,132,0.1770166647732141,True
S02C,IDGX2 quintiles -> W4_COG_COMP+AHPVT,W4_COG_COMP,race_Other,0.05169256900439191,0.07084160455596014,0.7296922384579563,0.46688108381621085,-0.08844902330912689,0.1918341613179107,4710,132,0.1770166647732141,True
S02C,IDGX2 quintiles -> W4_COG_COMP+AHPVT,W4_COG_COMP,parent_ed,0.019531455906440384,0.005932841503743802,3.292091301295584,0.001278417905542614,0.007794880196588876,0.031268031616291894,4710,132,0.1770166647732141,True
S02C,IDGX2 quintiles -> W4_COG_COMP+AHPVT,W4_COG_COMP,cesd_sum,-0.007863649512892291,0.0014981279322734868,-5.248983977595822,6.000482874606618e-07,-0.010827303925213224,-0.004899995100571359,4710,132,0.1770166647732141,True
S02C,IDGX2 quintiles -> W4_COG_COMP+AHPVT,W4_COG_COMP,srh,-0.010531862126953583,0.014769156002424717,-0.7130984414562701,0.47705321055445404,-0.039748775722855845,0.018685051468948683,4710,132,0.1770166647732141,True
S02C,IDGX2 quintiles -> W4_COG_COMP+AHPVT,W4_COG_COMP,ahpvt,0.02320868215845613,0.0016752653995561607,13.853734557285648,1.94215901552033e-27,0.019894607581614952,0.02652275673529731,4710,132,0.1770166647732141,True
S02_noAHPVT,IDGX2 quintiles -> C4WD90_1,C4WD90_1,const,6.984448751941565,0.14407954020214925,48.47633981995021,1.540991401907906e-85,6.69942505279908,7.269472451084049,4924,132,0.06008511680896278,False
S02_noAHPVT,IDGX2 quintiles -> C4WD90_1,C4WD90_1,idg_q2,0.12966831783635424,0.09075125618590903,1.4288322088977086,0.15543258185246145,-0.04985931463418039,0.30919595030688884,4924,132,0.06008511680896278,False
S02_noAHPVT,IDGX2 quintiles -> C4WD90_1,C4WD90_1,idg_q3,0.20345532714288164,0.0873038312476865,2.330428392834972,0.021311515137663203,0.030747523546242744,0.37616313073952057,4924,132,0.06008511680896278,False
S02_noAHPVT,IDGX2 quintiles -> C4WD90_1,C4WD90_1,idg_q4,0.2554497165033949,0.10883455092784255,2.347138057956966,0.02041703483946017,0.04014901345810526,0.47075041954868446,4924,132,0.06008511680896278,False
S02_noAHPVT,IDGX2 quintiles -> C4WD90_1,C4WD90_1,idg_q5,0.16546823382854758,0.11021210501090828,1.5013617044350103,0.13566856948874487,-0.05255759979373681,0.383494067450832,4924,132,0.06008511680896278,False
S02_noAHPVT,IDGX2 quintiles -> C4WD90_1,C4WD90_1,male,-0.6028047899882785,0.07075379305129015,-8.51975228453546,3.303475491815143e-14,-0.7427726701990713,-0.46283690977748565,4924,132,0.06008511680896278,False
S02_noAHPVT,IDGX2 quintiles -> C4WD90_1,C4WD90_1,race_NH-Black,-0.6915269983767734,0.07589977531208875,-9.111054618189788,1.2044202191918127e-15,-0.8416748590180739,-0.541379137735473,4924,132,0.06008511680896278,False
S02_noAHPVT,IDGX2 quintiles -> C4WD90_1,C4WD90_1,race_Hispanic,-0.3877188508996623,0.09520738405385898,-4.072361138294999,8.00783811236729e-05,-0.576061767254314,-0.19937593454501057,4924,132,0.06008511680896278,False
S02_noAHPVT,IDGX2 quintiles -> C4WD90_1,C4WD90_1,race_Other,-0.12626891759842052,0.15249099326912582,-0.8280418068729678,0.40915281325961045,-0.42793247736892565,0.1753946421720846,4924,132,0.06008511680896278,False
S02_noAHPVT,IDGX2 quintiles -> C4WD90_1,C4WD90_1,parent_ed,0.06988261414456308,0.014861403803052902,4.702288900205205,6.431985195784765e-06,0.0404832123942989,0.09928201589482727,4924,132,0.06008511680896278,False
S02_noAHPVT,IDGX2 quintiles -> C4WD90_1,C4WD90_1,cesd_sum,-0.025165057502276555,0.004802624795728704,-5.2398549902664735,6.250992258692662e-07,-0.03466579496265051,-0.015664320041902602,4924,132,0.06008511680896278,False
S02_noAHPVT,IDGX2 quintiles -> C4WD90_1,C4WD90_1,srh,0.01994598748980391,0.043446355950836485,0.45909460191263485,0.6469270947930014,-0.06600126824126196,0.10589324322086979,4924,132,0.06008511680896278,False
S02C_noAHPVT,IDGX2 quintiles -> W4_COG_COMP,W4_COG_COMP,const,0.16866466170376693,0.06037051700170081,2.7938250338160127,0.00599096070036831,0.049237378337739515,0.28809194506979435,4913,132,0.09188583118459603,False
S02C_noAHPVT,IDGX2 quintiles -> W4_COG_COMP,W4_COG_COMP,idg_q2,0.09049478995894852,0.03618647926185343,2.5007901239606114,0.013625151729800528,0.01890930208408917,0.16208027783380788,4913,132,0.09188583118459603,False
S02C_noAHPVT,IDGX2 quintiles -> W4_COG_COMP,W4_COG_COMP,idg_q3,0.1179467731769177,0.03758099932420019,3.1384682498574796,0.002098541295519749,0.04360259197099402,0.19229095438284138,4913,132,0.09188583118459603,False
S02C_noAHPVT,IDGX2 quintiles -> W4_COG_COMP,W4_COG_COMP,idg_q4,0.12284700987166944,0.041139718851706066,2.986092596171813,0.0033732713548920235,0.04146283254612192,0.20423118719721695,4913,132,0.09188583118459603,False
S02C_noAHPVT,IDGX2 quintiles -> W4_COG_COMP,W4_COG_COMP,idg_q5,0.1331614137450838,0.04253095776000175,3.1309291104259,0.002149264952646759,0.04902503399386897,0.21729779349629863,4913,132,0.09188583118459603,False
S02C_noAHPVT,IDGX2 quintiles -> W4_COG_COMP,W4_COG_COMP,male,-0.2107944543427087,0.027370269327618605,-7.701584950426544,2.9145250484371094e-12,-0.264939375955719,-0.1566495327296984,4913,132,0.09188583118459603,False
S02C_noAHPVT,IDGX2 quintiles -> W4_COG_COMP,W4_COG_COMP,race_NH-Black,-0.3893693400323792,0.039603182510086814,-9.831768947690202,2.0077067939820226e-17,-0.46771388195000746,-0.311024798114751,4913,132,0.09188583118459603,False
S02C_noAHPVT,IDGX2 quintiles -> W4_COG_COMP,W4_COG_COMP,race_Hispanic,-0.20391140033524552,0.04477171494231982,-4.554469280391608,1.1873359046569107e-05,-0.2924805323015792,-0.1153422683689118,4913,132,0.09188583118459603,False
S02C_noAHPVT,IDGX2 quintiles -> W4_COG_COMP,W4_COG_COMP,race_Other,-0.02248099789656067,0.07488364478151503,-0.3002123889956554,0.7644910336766855,-0.1706187099613916,0.1256567141682703,4913,132,0.09188583118459603,False
S02C_noAHPVT,IDGX2 quintiles -> W4_COG_COMP,W4_COG_COMP,parent_ed,0.032033603126007434,0.00634452173717054,5.049017790944385,1.4555320368780704e-06,0.019482625712551792,0.04458458053946308,4913,132,0.09188583118459603,False
S02C_noAHPVT,IDGX2 quintiles -> W4_COG_COMP,W4_COG_COMP,cesd_sum,-0.011570413937734907,0.0015739131817567736,-7.351367325623526,1.89289543796273e-11,-0.014683989651288866,-0.008456838224180948,4913,132,0.09188583118459603,False
S02C_noAHPVT,IDGX2 quintiles -> W4_COG_COMP,W4_COG_COMP,srh,-0.018533209271441368,0.014077487949180659,-1.3165139503827485,0.19030028978389837,-0.04638183846806179,0.009315419925179053,4913,132,0.09188583118459603,False
S03_C4WD90_1,IDGX2 -> C4WD90_1 (AHPVT adj),C4WD90_1,const,4.391876271332938,0.31194541766294714,14.07898953681154,1.56443826811773e-26,3.7737964129957575,5.009956129670119,3274,113,0.0965107725954053,True
S03_C4WD90_1,IDGX2 -> C4WD90_1 (AHPVT adj),C4WD90_1,idgx2,0.011458695437216192,0.010826597193882027,1.0583838330746576,0.2921578290985882,-0.009992819093760555,0.03291020996819294,3274,113,0.0965107725954053,True
S03_C4WD90_1,IDGX2 -> C4WD90_1 (AHPVT adj),C4WD90_1,male,-0.6930014430918856,0.06479432412459382,-10.695403531940613,8.034632676460685e-19,-0.8213830906763157,-0.5646197955074556,3274,113,0.0965107725954053,True
S03_C4WD90_1,IDGX2 -> C4WD90_1 (AHPVT adj),C4WD90_1,race_NH-Black,-0.30271859192787187,0.10052588309655977,-3.0113497400176694,0.003215066941352691,-0.5018977433609458,-0.10353944049479794,3274,113,0.0965107725954053,True
S03_C4WD90_1,IDGX2 -> C4WD90_1 (AHPVT adj),C4WD90_1,race_Hispanic,0.015774600521344113,0.12100510700496242,0.13036309716,0.8965130178469761,-0.22398150795437982,0.25553070899706803,3274,113,0.0965107725954053,True
S03_C4WD90_1,IDGX2 -> C4WD90_1 (AHPVT adj),C4WD90_1,race_Other,-0.002694479268156233,0.19613119450258934,-0.01373814744253067,0.9890633312828553,-0.3913033000736093,0.3859143415372968,3274,113,0.0965107725954053,True
S03_C4WD90_1,IDGX2 -> C4WD90_1 (AHPVT adj),C4WD90_1,parent_ed,0.06107992933782739,0.0166470670614877,3.669110547354812,0.0003742228411320872,0.028095899861839947,0.09406395881381482,3274,113,0.0965107725954053,True
S03_C4WD90_1,IDGX2 -> C4WD90_1 (AHPVT adj),C4WD90_1,cesd_sum,-0.0181801363827084,0.005180409268667767,-3.5094015626652872,0.0006479077882168137,-0.028444453297170685,-0.007915819468246111,3274,113,0.0965107725954053,True
S03_C4WD90_1,IDGX2 -> C4WD90_1 (AHPVT adj),C4WD90_1,srh,-0.0007577199276736116,0.048776802183690335,-0.01553443222497626,0.9876334536717708,-0.09740270099423466,0.09588726113888744,3274,113,0.0965107725954053,True
S03_C4WD90_1,IDGX2 -> C4WD90_1 (AHPVT adj),C4WD90_1,ahpvt,0.039708348227209006,0.003768862138183184,10.535898308647287,1.882169419693114e-18,0.0322408310124584,0.04717586544195961,3274,113,0.0965107725954053,True
S03_C4WD60_1,IDGX2 -> C4WD60_1 (AHPVT adj),C4WD60_1,const,3.003340620889911,0.33648042915871557,8.925751278905008,9.887575223767513e-15,2.336647782297349,3.6700334594824735,3272,113,0.11138864945965887,True
S03_C4WD60_1,IDGX2 -> C4WD60_1 (AHPVT adj),C4WD60_1,idgx2,0.021680333775371034,0.010768325135254386,2.0133431618248467,0.04647660557262881,0.0003442778589539154,0.04301638969178816,3272,113,0.11138864945965887,True
S03_C4WD60_1,IDGX2 -> C4WD60_1 (AHPVT adj),C4WD60_1,male,-0.8085327264422687,0.06528143529131994,-12.385339305641372,1.0250120058448875e-22,-0.9378795223631614,-0.679185930521376,3272,113,0.11138864945965887,True
S03_C4WD60_1,IDGX2 -> C4WD60_1 (AHPVT adj),C4WD60_1,race_NH-Black,-0.53769805145371,0.09320336942290378,-5.769083830155782,7.188723692175226e-08,-0.7223685806797555,-0.35302752222766437,3272,113,0.11138864945965887,True
S03_C4WD60_1,IDGX2 -> C4WD60_1 (AHPVT adj),C4WD60_1,race_Hispanic,0.22696132034554378,0.1538358460090645,1.4753474319123938,0.14292489621910046,-0.07784468905446817,0.5317673297455557,3272,113,0.11138864945965887,True
S03_C4WD60_1,IDGX2 -> C4WD60_1 (AHPVT adj),C4WD60_1,race_Other,0.16018759652918924,0.27143604605219107,0.5901485777551768,0.5562798625208638,-0.37762813466008893,0.6980033277184674,3272,113,0.11138864945965887,True
S03_C4WD60_1,IDGX2 -> C4WD60_1 (AHPVT adj),C4WD60_1,parent_ed,0.05895482581180819,0.018110205672608428,3.255337177146309,0.0014983425633607263,0.023071774730488874,0.0948378768931275,3272,113,0.11138864945965887,True
S03_C4WD60_1,IDGX2 -> C4WD60_1 (AHPVT adj),C4WD60_1,cesd_sum,-0.01307849676040053,0.004959062423838086,-2.6372922223226167,0.009544550547396814,-0.022904243275205488,-0.0032527502455955704,3272,113,0.11138864945965887,True
S03_C4WD60_1,IDGX2 -> C4WD60_1 (AHPVT adj),C4WD60_1,srh,-0.051225712010829746,0.03968189556826082,-1.2909088962928004,0.19939354801518505,-0.1298503014506467,0.02739887742898721,3272,113,0.11138864945965887,True
S03_C4WD60_1,IDGX2 -> C4WD60_1 (AHPVT adj),C4WD60_1,ahpvt,0.040576022842701724,0.0039187099107275795,10.354433925211895,4.95823866155235e-18,0.032811601474909656,0.04834044421049379,3272,113,0.11138864945965887,True
S03_C4NUMSCR,IDGX2 -> C4NUMSCR (AHPVT adj),C4NUMSCR,const,2.0351338733749524,0.25745781136797125,7.9047276233784185,2.044396074838448e-12,1.525014222410714,2.545253524339191,3275,113,0.08761559462518476,True
S03_C4NUMSCR,IDGX2 -> C4NUMSCR (AHPVT adj),C4NUMSCR,idgx2,0.018059889989135238,0.007137947512350377,2.5301236746119606,0.012791886682647005,0.0039169619720977635,0.03220281800617271,3275,113,0.08761559462518476,True
S03_C4NUMSCR,IDGX2 -> C4NUMSCR (AHPVT adj),C4NUMSCR,male,-0.0399017374094687,0.06328849071210146,-0.6304738343497746,0.529668949815885,-0.16529976911248737,0.08549629429354996,3275,113,0.08761559462518476,True
S03_C4NUMSCR,IDGX2 -> C4NUMSCR (AHPVT adj),C4NUMSCR,race_NH-Black,-0.1750046904680945,0.09266087979471165,-1.888657768583829,0.0615245224433354,-0.3586003460349775,0.008590965098788483,3275,113,0.08761559462518476,True
S03_C4NUMSCR,IDGX2 -> C4NUMSCR (AHPVT adj),C4NUMSCR,race_Hispanic,0.023196626954509792,0.12375806437256129,0.1874352760130335,0.8516585054393077,-0.22201411365693058,0.2684073675659502,3275,113,0.08761559462518476,True
S03_C4NUMSCR,IDGX2 -> C4NUMSCR (AHPVT adj),C4NUMSCR,race_Other,0.11131159157777243,0.1786425961904136,0.6230965847536518,0.5344878182722083,-0.24264581345024228,0.46526899660578713,3275,113,0.08761559462518476,True
S03_C4NUMSCR,IDGX2 -> C4NUMSCR (AHPVT adj),C4NUMSCR,parent_ed,0.028708255169235496,0.017194823245804923,1.6695871053073803,0.09779386396590316,-0.00536108297178229,0.06277759331025329,3275,113,0.08761559462518476,True
S03_C4NUMSCR,IDGX2 -> C4NUMSCR (AHPVT adj),C4NUMSCR,cesd_sum,-0.013262088197301805,0.003793398551464299,-3.496096710476803,0.0006777122371768962,-0.02077822116976577,-0.005745955224837839,3275,113,0.08761559462518476,True
S03_C4NUMSCR,IDGX2 -> C4NUMSCR (AHPVT adj),C4NUMSCR,srh,-0.08507995149393756,0.03330651022401614,-2.5544540968627034,0.01197808195102525,-0.15107253210369265,-0.01908737088418247,3275,113,0.08761559462518476,True
S03_C4NUMSCR,IDGX2 -> C4NUMSCR (AHPVT adj),C4NUMSCR,ahpvt,0.035563566549756676,0.003459460044510706,10.280091717257184,7.373345921510509e-18,0.028709089922872435,0.04241804317664092,3275,113,0.08761559462518476,True
S03_W4_COG_COMP,IDGX2 -> W4_COG_COMP (AHPVT adj),W4_COG_COMP,const,-1.206161584852057,0.12096363229514269,-9.971274522487125,3.8309043953710386e-17,-1.445835516506714,-0.9664876531974002,3268,113,0.15679469513436917,True
S03_W4_COG_COMP,IDGX2 -> W4_COG_COMP (AHPVT adj),W4_COG_COMP,idgx2,0.009263823101364678,0.003763713643211335,2.4613517338318154,0.015366830758031594,0.0018065069694403243,0.01672113923328903,3268,113,0.15679469513436917,True
S03_W4_COG_COMP,IDGX2 -> W4_COG_COMP (AHPVT adj),W4_COG_COMP,male,-0.254140244036388,0.02650762172082181,-9.587440424229388,2.9610006981340383e-16,-0.3066616985934273,-0.20161878947934875,3268,113,0.15679469513436917,True
S03_W4_COG_COMP,IDGX2 -> W4_COG_COMP (AHPVT adj),W4_COG_COMP,race_NH-Black,-0.17827256687397922,0.03584294230195952,-4.9737146401687315,2.3891528106545753e-06,-0.24929076251331944,-0.10725437123463898,3268,113,0.15679469513436917,True
S03_W4_COG_COMP,IDGX2 -> W4_COG_COMP (AHPVT adj),W4_COG_COMP,race_Hispanic,0.04408402235259014,0.052748457266277915,0.8357405057374645,0.4050802949506856,-0.06043028415302017,0.14859832885820046,3268,113,0.15679469513436917,True
S03_W4_COG_COMP,IDGX2 -> W4_COG_COMP (AHPVT adj),W4_COG_COMP,race_Other,0.0492886613649222,0.09556613390682203,0.5157544765071187,0.6070425351200178,-0.14006338281474978,0.2386407055445942,3268,113,0.15679469513436917,True
S03_W4_COG_COMP,IDGX2 -> W4_COG_COMP (AHPVT adj),W4_COG_COMP,parent_ed,0.025862187042822664,0.006740243457053678,3.836981142833622,0.00020649444841178884,0.012507258631612075,0.03921711545403325,3268,113,0.15679469513436917,True
S03_W4_COG_COMP,IDGX2 -> W4_COG_COMP (AHPVT adj),W4_COG_COMP,cesd_sum,-0.007984875381396379,0.0016912481460837523,-4.721291431943991,6.8322924877244675e-06,-0.01133586679000853,-0.004633883972784227,3268,113,0.15679469513436917,True
S03_W4_COG_COMP,IDGX2 -> W4_COG_COMP (AHPVT adj),W4_COG_COMP,srh,-0.02589082736975756,0.014105299095578503,-1.8355390548133352,0.06907894848116018,-0.053838669438137046,0.002057014698621927,3268,113,0.15679469513436917,True
S03_W4_COG_COMP,IDGX2 -> W4_COG_COMP (AHPVT adj),W4_COG_COMP,ahpvt,0.020900403360697022,0.0015089568838324476,13.85089500212504,5.0294814583445345e-26,0.01791059872120783,0.023890208000186215,3268,113,0.15679469513436917,True
S04_ODGX2_placebo,ODGX2_placebo -> W4_COG_COMP,W4_COG_COMP,const,-1.221579830973569,0.12048062766528847,-10.139222003119734,1.5637867602052007e-17,-1.4602967508681781,-0.98286291107896,3268,113,0.15788795338574413,True
S04_ODGX2_placebo,ODGX2_placebo -> W4_COG_COMP,W4_COG_COMP,odgx2_placebo,0.014233524389399663,0.004081139294292244,3.4876350359582755,0.0006973343189320301,0.006147270019104834,0.022319778759694493,3268,113,0.15788795338574413,True
S04_ODGX2_placebo,ODGX2_placebo -> W4_COG_COMP,W4_COG_COMP,male,-0.2505607438810797,0.02614627804246757,-9.583036770056196,3.031199708441105e-16,-0.30236624225834413,-0.19875524550381524,3268,113,0.15788795338574413,True
S04_ODGX2_placebo,ODGX2_placebo -> W4_COG_COMP,W4_COG_COMP,race_NH-Black,-0.1753935261801182,0.03506853316997566,-5.001450312449437,2.1245665147176963e-06,-0.24487732939216278,-0.1059097229680736,3268,113,0.15788795338574413,True
S04_ODGX2_placebo,ODGX2_placebo -> W4_COG_COMP,W4_COG_COMP,race_Hispanic,0.04975383075252038,0.051516419571343765,0.9657858827634086,0.33623211093725414,-0.05231935098948223,0.151827012494523,3268,113,0.15788795338574413,True
S04_ODGX2_placebo,ODGX2_placebo -> W4_COG_COMP,W4_COG_COMP,race_Other,0.050292951215957116,0.09523316312548409,0.5281033367513851,0.5984724168177536,-0.13839935404239453,0.23898525647430877,3268,113,0.15788795338574413,True
S04_ODGX2_placebo,ODGX2_placebo -> W4_COG_COMP,W4_COG_COMP,parent_ed,0.025236168260547726,0.006781931173666422,3.721088818851083,0.00031189234084849946,0.011798640982614095,0.03867369553848136,3268,113,0.15788795338574413,True
S04_ODGX2_placebo,ODGX2_placebo -> W4_COG_COMP,W4_COG_COMP,cesd_sum,-0.007635751899704087,0.001703963471296973,-4.48117112152183,1.8005511678893027e-05,-0.0110119370953107,-0.004259566704097474,3268,113,0.15788795338574413,True
S04_ODGX2_placebo,ODGX2_placebo -> W4_COG_COMP,W4_COG_COMP,srh,-0.026745433630376576,0.014014217192064988,-1.9084500592384248,0.05889286926825458,-0.0545128085822891,0.001021941321535949,3268,113,0.15788795338574413,True
S04_ODGX2_placebo,ODGX2_placebo -> W4_COG_COMP,W4_COG_COMP,ahpvt,0.020757523629272568,0.0015029290369376002,13.811379725265363,6.160543415868824e-26,0.017779662395725218,0.023735384862819918,3268,113,0.15788795338574413,True
S04_BCENT10X,BCENT10X -> W4_COG_COMP,W4_COG_COMP,const,-1.2270241026606128,0.12321480185412569,-9.958414769950203,4.1028625946992036e-17,-1.471158438229946,-0.9828897670912794,3268,113,0.16038618585142683,True
S04_BCENT10X,BCENT10X -> W4_COG_COMP,W4_COG_COMP,bcent10x,0.09110200032960275,0.021011735676276996,4.335767484095099,3.1889470672901755e-05,0.04946993947899658,0.13273406118020892,3268,113,0.16038618585142683,True
S04_BCENT10X,BCENT10X -> W4_COG_COMP,W4_COG_COMP,male,-0.24973191318244292,0.02667639986038274,-9.361529834965514,9.839097177412862e-16,-0.3025877799881755,-0.19687604637671036,3268,113,0.16038618585142683,True
S04_BCENT10X,BCENT10X -> W4_COG_COMP,W4_COG_COMP,race_NH-Black,-0.17665965969456485,0.03506975702391219,-5.037379060656453,1.823896476737551e-06,-0.2461458878163048,-0.1071734315728249,3268,113,0.16038618585142683,True
S04_BCENT10X,BCENT10X -> W4_COG_COMP,W4_COG_COMP,race_Hispanic,0.044672045069360004,0.05175054355517793,0.8632188572421347,0.389861897806965,-0.057865023335398176,0.1472091134741182,3268,113,0.16038618585142683,True
S04_BCENT10X,BCENT10X -> W4_COG_COMP,W4_COG_COMP,race_Other,0.042393533658803426,0.09488755603319236,0.44677653668278544,0.655899133932118,-0.14561399544786002,0.2304010627654669,3268,113,0.16038618585142683,True
S04_BCENT10X,BCENT10X -> W4_COG_COMP,W4_COG_COMP,parent_ed,0.024706031914276595,0.006837900742108537,3.613101863578417,0.0004545152875065747,0.011157608110940968,0.038254455717612226,3268,113,0.16038618585142683,True
S04_BCENT10X,BCENT10X -> W4_COG_COMP,W4_COG_COMP,cesd_sum,-0.007468707467734363,0.001717048954219619,-4.349734729100263,3.0201159162648e-05,-0.010870819870387951,-0.004066595065080775,3268,113,0.16038618585142683,True
S04_BCENT10X,BCENT10X -> W4_COG_COMP,W4_COG_COMP,srh,-0.02389946553682957,0.014321087035937338,-1.6688304090922879,0.09794415438800866,-0.052274863748226263,0.004475932674567123,3268,113,0.16038618585142683,True
S04_BCENT10X,BCENT10X -> W4_COG_COMP,W4_COG_COMP,ahpvt,0.02062293863442749,0.001514724756936318,13.614974298128883,1.692349583926735e-25,0.017621705693738506,0.023624171575116475,3268,113,0.16038618585142683,True
S04_REACH,REACH -> W4_COG_COMP,W4_COG_COMP,const,-1.1573709198992554,0.12087506820102085,-9.574934989691123,3.1647202365743997e-16,-1.3968693731540094,-0.9178724666445015,3268,113,0.15486788808044738,True
S04_REACH,REACH -> W4_COG_COMP,W4_COG_COMP,reach,2.6953883495692154e-05,3.764088941822228e-05,0.7160798778214722,0.47543241237826667,-4.762671388444923e-05,0.00010153448087583354,3268,113,0.15486788808044738,True
S04_REACH,REACH -> W4_COG_COMP,W4_COG_COMP,male,-0.2577802035555251,0.026158359308468628,-9.854601372956528,7.136339462519471e-17,-0.3096096394127321,-0.20595076769831813,3268,113,0.15486788808044738,True
S04_REACH,REACH -> W4_COG_COMP,W4_COG_COMP,race_NH-Black,-0.1870810985267677,0.035077772235224826,-5.3333232587359785,5.072079906357234e-07,-0.25658320776229276,-0.1175789892912426,3268,113,0.15486788808044738,True
S04_REACH,REACH -> W4_COG_COMP,W4_COG_COMP,race_Hispanic,0.031089833537987124,0.053663282867448696,0.5793501976906771,0.5635163783656418,-0.07523708262931024,0.1374167497052845,3268,113,0.15486788808044738,True
S04_REACH,REACH -> W4_COG_COMP,W4_COG_COMP,race_Other,0.043290384324759984,0.09644780088289932,0.4488478112354305,0.6544086991572347,-0.14780856995141878,0.23438933860093875,3268,113,0.15486788808044738,True
S04_REACH,REACH -> W4_COG_COMP,W4_COG_COMP,parent_ed,0.026156165105562356,0.006758481636813791,3.8701244615489374,0.00018323929285813347,0.012765100079020432,0.03954723013210428,3268,113,0.15486788808044738,True
S04_REACH,REACH -> W4_COG_COMP,W4_COG_COMP,cesd_sum,-0.008086810763797641,0.0017018406070715773,-4.751802683632593,6.027690824168268e-06,-0.011458789776061245,-0.004714831751534037,3268,113,0.15486788808044738,True
S04_REACH,REACH -> W4_COG_COMP,W4_COG_COMP,srh,-0.02880393601988336,0.014088940587768599,-2.044435906337037,0.04325542092397598,-0.05671936580195487,-0.0008885062378118543,3268,113,0.15486788808044738,True
S04_REACH,REACH -> W4_COG_COMP,W4_COG_COMP,ahpvt,0.020785351064541005,0.001530972620905726,13.576566151943565,2.06303203409061e-25,0.017751925064131095,0.023818777064950915,3268,113,0.15486788808044738,True
S04_PRXPREST,PRXPREST -> W4_COG_COMP,W4_COG_COMP,const,-1.2249310924779429,0.12976020627132276,-9.439959504354263,6.486753590111242e-16,-1.4820343078764773,-0.9678278770794083,3006,113,0.15753169010121848,True
S04_PRXPREST,PRXPREST -> W4_COG_COMP,W4_COG_COMP,prxprest,0.3825195408305858,0.3035898533579006,1.2599878968274851,0.21029279569280568,-0.2190048378951891,0.9840439195563607,3006,113,0.15753169010121848,True
S04_PRXPREST,PRXPREST -> W4_COG_COMP,W4_COG_COMP,male,-0.24340826649472103,0.026626963438746754,-9.141420389698686,3.1612804846526214e-15,-0.2961661813679957,-0.19065035162144633,3006,113,0.15753169010121848,True
S04_PRXPREST,PRXPREST -> W4_COG_COMP,W4_COG_COMP,race_NH-Black,-0.18561853984227628,0.039460617889308276,-4.7038933947501365,7.336716902767891e-06,-0.2638046959257554,-0.10743238375879714,3006,113,0.15753169010121848,True
S04_PRXPREST,PRXPREST -> W4_COG_COMP,W4_COG_COMP,race_Hispanic,0.06025114167316085,0.0552907668882553,1.0897143422685862,0.2781780516344179,-0.049300425462124285,0.16980270880844597,3006,113,0.15753169010121848,True
S04_PRXPREST,PRXPREST -> W4_COG_COMP,W4_COG_COMP,race_Other,0.054251439204723716,0.1052732407907724,0.5153393093744205,0.6073316244339199,-0.15433399295879927,0.2628368713682467,3006,113,0.15753169010121848,True
S04_PRXPREST,PRXPREST -> W4_COG_COMP,W4_COG_COMP,parent_ed,0.030151533703205727,0.006992165152896502,4.312188434324304,3.4947787384439255e-05,0.01629745474429633,0.044005612662115126,3006,113,0.15753169010121848,True
S04_PRXPREST,PRXPREST -> W4_COG_COMP,W4_COG_COMP,cesd_sum,-0.007724535614955922,0.0017531607438558985,-4.406062388761109,2.422543207921082e-05,-0.011198198899779577,-0.004250872330132268,3006,113,0.15753169010121848,True
S04_PRXPREST,PRXPREST -> W4_COG_COMP,W4_COG_COMP,srh,-0.03226162126669703,0.015003218347099018,-2.150313387456302,0.03368078115725231,-0.06198857523207409,-0.0025346673013199664,3006,113,0.15753169010121848,True
S04_PRXPREST,PRXPREST -> W4_COG_COMP,W4_COG_COMP,ahpvt,0.0207410267210936,0.001485817870884434,13.959333191185467,2.884849345139451e-26,0.01779706906968366,0.02368498437250354,3006,113,0.15753169010121848,True
S04_ODGX2_placebo_noAHPVT,ODGX2_placebo -> W4_COG_COMP,W4_COG_COMP,const,0.18641091130913484,0.05884758015631305,3.167690341964504,0.0019805940833547532,0.069811974613742,0.3030098480045277,3413,113,0.09083823798828694,False
S04_ODGX2_placebo_noAHPVT,ODGX2_placebo -> W4_COG_COMP,W4_COG_COMP,odgx2_placebo,0.017940954514831187,0.004652723776634395,3.8560110971833788,0.00019281949185102838,0.008722178761402959,0.027159730268259415,3413,113,0.09083823798828694,False
S04_ODGX2_placebo_noAHPVT,ODGX2_placebo -> W4_COG_COMP,W4_COG_COMP,male,-0.2389728412710376,0.02677714232064684,-8.924508762339986,9.952637020743058e-15,-0.2920283163480987,-0.18591736619397645,3413,113,0.09083823798828694,False
S04_ODGX2_placebo_noAHPVT,ODGX2_placebo -> W4_COG_COMP,W4_COG_COMP,race_NH-Black,-0.35707463749900326,0.040889070558108385,-8.732764834836644,2.7338044975197464e-14,-0.4380910894393278,-0.2760581855586787,3413,113,0.09083823798828694,False
S04_ODGX2_placebo_noAHPVT,ODGX2_placebo -> W4_COG_COMP,W4_COG_COMP,race_Hispanic,-0.10264464050665975,0.05078927770222135,-2.020990357619723,0.045665953208192764,-0.20327708384376675,-0.002012197169552768,3413,113,0.09083823798828694,False
S04_ODGX2_placebo_noAHPVT,ODGX2_placebo -> W4_COG_COMP,W4_COG_COMP,race_Other,-0.01656370459554813,0.0947625168490863,-0.17479173354931674,0.8615588700288089,-0.20432348458706873,0.17119607539597248,3413,113,0.09083823798828694,False
S04_ODGX2_placebo_noAHPVT,ODGX2_placebo -> W4_COG_COMP,W4_COG_COMP,parent_ed,0.03469523880119099,0.007324420942904903,4.736925836410308,6.407802942203393e-06,0.020182837584629486,0.0492076400177525,3413,113,0.09083823798828694,False
S04_ODGX2_placebo_noAHPVT,ODGX2_placebo -> W4_COG_COMP,W4_COG_COMP,cesd_sum,-0.010849023565890029,0.001800046769337108,-6.027078713007736,2.1822478991216982e-08,-0.014415585500113725,-0.007282461631666333,3413,113,0.09083823798828694,False
S04_ODGX2_placebo_noAHPVT,ODGX2_placebo -> W4_COG_COMP,W4_COG_COMP,srh,-0.030984356575226437,0.013873918082888934,-2.233280922527592,0.027517801845936985,-0.058473746826565275,-0.0034949663238875994,3413,113,0.09083823798828694,False
S04_BCENT10X_noAHPVT,BCENT10X -> W4_COG_COMP,W4_COG_COMP,const,0.17560464059402608,0.06008916346304931,2.9224011531132534,0.004202838190041247,0.056545665728845104,0.29466361545920705,3413,113,0.09366076153717007,False
S04_BCENT10X_noAHPVT,BCENT10X -> W4_COG_COMP,W4_COG_COMP,bcent10x,0.10794575383270262,0.022961454245120808,4.701172350860161,7.418803595164679e-06,0.06245057556284836,0.15344093210255688,3413,113,0.09366076153717007,False
S04_BCENT10X_noAHPVT,BCENT10X -> W4_COG_COMP,W4_COG_COMP,male,-0.23837149311173048,0.02675174882853663,-8.910501314869359,1.0716304734927981e-14,-0.2913766542392432,-0.18536633198421779,3413,113,0.09366076153717007,False
S04_BCENT10X_noAHPVT,BCENT10X -> W4_COG_COMP,W4_COG_COMP,race_NH-Black,-0.35815080263370014,0.04178843216131472,-8.570572862153348,6.408090784041464e-14,-0.44094922430599964,-0.27535238096140063,3413,113,0.09366076153717007,False
S04_BCENT10X_noAHPVT,BCENT10X -> W4_COG_COMP,W4_COG_COMP,race_Hispanic,-0.1099692816038698,0.051276948847890594,-2.1446143749716042,0.03414495560161622,-0.21156798280393427,-0.008370580403805339,3413,113,0.09366076153717007,False
S04_BCENT10X_noAHPVT,BCENT10X -> W4_COG_COMP,W4_COG_COMP,race_Other,-0.026630296494866458,0.09501811281704062,-0.2802654747115811,0.7797908421252318,-0.21489650713328776,0.16163591414355485,3413,113,0.09366076153717007,False
S04_BCENT10X_noAHPVT,BCENT10X -> W4_COG_COMP,W4_COG_COMP,parent_ed,0.03395134872145872,0.007365318596732454,4.609623911791253,1.0762906784349524e-05,0.01935791404630873,0.048544783396608705,3413,113,0.09366076153717007,False
S04_BCENT10X_noAHPVT,BCENT10X -> W4_COG_COMP,W4_COG_COMP,cesd_sum,-0.010659441208721126,0.0018135778684530144,-5.877575699472805,4.3676263419851284e-08,-0.014252813281357376,-0.0070660691360848755,3413,113,0.09366076153717007,False
S04_BCENT10X_noAHPVT,BCENT10X -> W4_COG_COMP,W4_COG_COMP,srh,-0.0277424989167403,0.014050146766847096,-1.9745344569781897,0.050782279335094195,-0.055581063715446584,9.60658819659857e-05,3413,113,0.09366076153717007,False
S04_REACH_noAHPVT,REACH -> W4_COG_COMP,W4_COG_COMP,const,0.2302684267122396,0.05425163903945256,4.244451057870992,4.53851620377227e-05,0.12277575820862527,0.33776109521585396,3413,113,0.09017424518147865,False
S04_REACH_noAHPVT,REACH -> W4_COG_COMP,W4_COG_COMP,reach,0.00011727587000338878,3.988078460835125e-05,2.9406610515589153,0.0039797629261790705,3.825720742524885e-05,0.0001962945325815287,3413,113,0.09017424518147865,False
S04_REACH_noAHPVT,REACH -> W4_COG_COMP,W4_COG_COMP,male,-0.2432851472066921,0.025845953881381566,-9.41289102051464,7.490099488048193e-16,-0.2944955917558544,-0.1920747026575298,3413,113,0.09017424518147865,False
S04_REACH_noAHPVT,REACH -> W4_COG_COMP,W4_COG_COMP,race_NH-Black,-0.3687438340941494,0.03895974505129323,-9.46473940239271,5.686348879495986e-16,-0.44593757485354846,-0.29155009333475035,3413,113,0.09017424518147865,False
S04_REACH_noAHPVT,REACH -> W4_COG_COMP,W4_COG_COMP,race_Hispanic,-0.13283061210213226,0.05176907740454196,-2.565829231688768,0.011613811314433948,-0.2354044029536415,-0.030256821250623026,3413,113,0.09017424518147865,False
S04_REACH_noAHPVT,REACH -> W4_COG_COMP,W4_COG_COMP,race_Other,-0.029523131472622244,0.09765053177665989,-0.30233456936154407,0.7629577689880551,-0.2230051428425792,0.16395887989733468,3413,113,0.09017424518147865,False
S04_REACH_noAHPVT,REACH -> W4_COG_COMP,W4_COG_COMP,parent_ed,0.03457920832847498,0.00728526173542678,4.7464606742024325,6.16159588539992e-06,0.02014439606190352,0.049014020595046434,3413,113,0.09017424518147865,False
S04_REACH_noAHPVT,REACH -> W4_COG_COMP,W4_COG_COMP,cesd_sum,-0.011516262504820376,0.001776180003801966,-6.483724892842772,2.4984289133313573e-09,-0.01503553550250048,-0.007996989507140272,3413,113,0.09017424518147865,False
S04_REACH_noAHPVT,REACH -> W4_COG_COMP,W4_COG_COMP,srh,-0.03196864295999402,0.013821933413055907,-2.312892270903079,0.022554962798145374,-0.05935503225172005,-0.0045822536682679944,3413,113,0.09017424518147865,False
S04_PRXPREST_noAHPVT,PRXPREST -> W4_COG_COMP,W4_COG_COMP,const,0.24438320008775366,0.08451797768482124,2.8914937008915556,0.004606774017539405,0.07692166125270433,0.411844738922803,3137,113,0.08892346862201517,False
S04_PRXPREST_noAHPVT,PRXPREST -> W4_COG_COMP,W4_COG_COMP,prxprest,0.2066049300025528,0.32179391136936064,0.6420411409382077,0.5221584267223421,-0.4309884561835022,0.8441983161886077,3137,113,0.08892346862201517,False
S04_PRXPREST_noAHPVT,PRXPREST -> W4_COG_COMP,W4_COG_COMP,male,-0.23782632039712018,0.027465881436276117,-8.658972804091635,4.029370031706209e-14,-0.29224644374569203,-0.18340619704854835,3137,113,0.08892346862201517,False
S04_PRXPREST_noAHPVT,PRXPREST -> W4_COG_COMP,W4_COG_COMP,race_NH-Black,-0.3790812768685674,0.049175253254276165,-7.708781384579924,5.591338600447129e-12,-0.47651573765599453,-0.2816468160811403,3137,113,0.08892346862201517,False
S04_PRXPREST_noAHPVT,PRXPREST -> W4_COG_COMP,W4_COG_COMP,race_Hispanic,-0.10502553613734877,0.055503046656313025,-1.8922481280656502,0.06103993835891394,-0.21499770842193194,0.0049466361472344095,3137,113,0.08892346862201517,False
S04_PRXPREST_noAHPVT,PRXPREST -> W4_COG_COMP,W4_COG_COMP,race_Other,-0.027500566421594357,0.10474085272497355,-0.26255816814671923,0.7933734871975071,-0.235031139876967,0.1800300070337783,3137,113,0.08892346862201517,False
S04_PRXPREST_noAHPVT,PRXPREST -> W4_COG_COMP,W4_COG_COMP,parent_ed,0.03863039551798581,0.0073937325285116035,5.2247488489771365,8.149301474372704e-07,0.023980662279258803,0.05328012875671282,3137,113,0.08892346862201517,False
S04_PRXPREST_noAHPVT,PRXPREST -> W4_COG_COMP,W4_COG_COMP,cesd_sum,-0.011250408106514948,0.0018253845768617502,-6.163308405868614,1.151559850647612e-08,-0.01486717365841873,-0.0076336425546111655,3137,113,0.08892346862201517,False
S04_PRXPREST_noAHPVT,PRXPREST -> W4_COG_COMP,W4_COG_COMP,srh,-0.03650093902037297,0.014527648820469778,-2.512515237079681,0.013411425705959162,-0.06528561292967279,-0.007716265111073151,3137,113,0.08892346862201517,False
S05_ZERO,I(IDGX2==0) -> W4_COG_COMP,W4_COG_COMP,const,-1.1558352142329358,0.11990723817920068,-9.639411529982425,2.245514063286365e-16,-1.393416036360864,-0.9182543921050075,3268,113,0.15490775490355901,True
S05_ZERO,I(IDGX2==0) -> W4_COG_COMP,W4_COG_COMP,idg_zero,-0.04415566413700052,0.05161591196824804,-0.855466123782977,0.39411952782079906,-0.14642597731002374,0.0581146490360227,3268,113,0.15490775490355901,True
S05_ZERO,I(IDGX2==0) -> W4_COG_COMP,W4_COG_COMP,male,-0.25708959833462103,0.025976001180106612,-9.897196899248287,5.686648772519049e-17,-0.3085577149360779,-0.20562148173316414,3268,113,0.15490775490355901,True
S05_ZERO,I(IDGX2==0) -> W4_COG_COMP,W4_COG_COMP,race_NH-Black,-0.18412555274570938,0.03589256639430629,-5.12990770074657,1.227740867058393e-06,-0.25524207216296435,-0.11300903332845444,3268,113,0.15490775490355901,True
S05_ZERO,I(IDGX2==0) -> W4_COG_COMP,W4_COG_COMP,race_Hispanic,0.035136060385108095,0.05234716232120546,0.6712123222556178,0.5034672546454713,-0.06858313162688331,0.1388552523970995,3268,113,0.15490775490355901,True
S05_ZERO,I(IDGX2==0) -> W4_COG_COMP,W4_COG_COMP,race_Other,0.04656340713343407,0.09537877514619958,0.4881946435363656,0.6263664014487705,-0.14241740967867042,0.23554422394553856,3268,113,0.15490775490355901,True
S05_ZERO,I(IDGX2==0) -> W4_COG_COMP,W4_COG_COMP,parent_ed,0.0261606464356619,0.006792886852340806,3.851182421306934,0.00019620535820506565,0.012701411884790006,0.039619880986533795,3268,113,0.15490775490355901,True
S05_ZERO,I(IDGX2==0) -> W4_COG_COMP,W4_COG_COMP,cesd_sum,-0.008046887240006653,0.0017174413439530682,-4.685392760771076,7.912666035894935e-06,-0.011449777112618544,-0.004643997367394761,3268,113,0.15490775490355901,True
S05_ZERO,I(IDGX2==0) -> W4_COG_COMP,W4_COG_COMP,srh,-0.028910993194922446,0.01425071975703558,-2.028739157588801,0.044856876152264795,-0.05714696766321366,-0.0006750187266312373,3268,113,0.15490775490355901,True
S05_ZERO,I(IDGX2==0) -> W4_COG_COMP,W4_COG_COMP,ahpvt,0.02098884689380992,0.0015014511069393166,13.979041206739886,2.607991245766643e-26,0.01801391398910553,0.02396377979851431,3268,113,0.15490775490355901,True
S05_LEQ1,I(IDGX2<=1) -> W4_COG_COMP,W4_COG_COMP,const,-1.1409751168147986,0.11960250380556527,-9.5397260133421,3.8166108175145647e-16,-1.3779521468437816,-0.9039980867858155,3268,113,0.15649074159600784,True
S05_LEQ1,I(IDGX2<=1) -> W4_COG_COMP,W4_COG_COMP,idg_leq1,-0.08172976163380626,0.03351222703151883,-2.4388042476836294,0.01630654771309992,-0.14812994372779348,-0.015329579539819019,3268,113,0.15649074159600784,True
S05_LEQ1,I(IDGX2<=1) -> W4_COG_COMP,W4_COG_COMP,male,-0.25199288794307084,0.02640676403518367,-9.54274017093962,3.7559109776673907e-16,-0.30431450592447307,-0.19967126996166862,3268,113,0.15649074159600784,True
S05_LEQ1,I(IDGX2<=1) -> W4_COG_COMP,W4_COG_COMP,race_NH-Black,-0.1824252361026972,0.03593689297586431,-5.076266226610531,1.5451544891602074e-06,-0.25362958295930105,-0.11122088924609339,3268,113,0.15649074159600784,True
S05_LEQ1,I(IDGX2<=1) -> W4_COG_COMP,W4_COG_COMP,race_Hispanic,0.0357841425769815,0.052548504692443855,0.6809735650218613,0.49729371756793306,-0.06833398353452202,0.13990226868848504,3268,113,0.15649074159600784,True
S05_LEQ1,I(IDGX2<=1) -> W4_COG_COMP,W4_COG_COMP,race_Other,0.04754559356786169,0.0947084043527384,0.5020208490767056,0.6166383732518782,-0.14010696944856257,0.23519815658428597,3268,113,0.15649074159600784,True
S05_LEQ1,I(IDGX2<=1) -> W4_COG_COMP,W4_COG_COMP,parent_ed,0.02622365500414702,0.006734385815598688,3.8939935611360177,0.0001680605479743403,0.012880332758617,0.039566977249677046,3268,113,0.15649074159600784,True
S05_LEQ1,I(IDGX2<=1) -> W4_COG_COMP,W4_COG_COMP,cesd_sum,-0.007897069799555846,0.0017169354378605323,-4.599514708250393,1.1211306285673661e-05,-0.011298957284095013,-0.00449518231501668,3268,113,0.15649074159600784,True
S05_LEQ1,I(IDGX2<=1) -> W4_COG_COMP,W4_COG_COMP,srh,-0.027642875490831463,0.014272992345028481,-1.9367260082963564,0.055297989581424074,-0.05592298023721616,0.0006372292555532309,3268,113,0.15649074159600784,True
S05_LEQ1,I(IDGX2<=1) -> W4_COG_COMP,W4_COG_COMP,ahpvt,0.020840562145470837,0.0014984090549561128,13.908459827133946,3.743779612547537e-26,0.017871656676825352,0.02380946761411632,3268,113,0.15649074159600784,True
S05_ZERO_noAHPVT,I(IDGX2==0) -> W4_COG_COMP,W4_COG_COMP,const,0.28919275392660615,0.05097245332113742,5.6735105941365935,1.1108296760700319e-07,0.18819737158100636,0.39018813627220594,3413,113,0.08623983430798554,False
S05_ZERO_noAHPVT,I(IDGX2==0) -> W4_COG_COMP,W4_COG_COMP,idg_zero,-0.06029023072505956,0.05573289467204392,-1.0817710273229653,0.2816779513198081,-0.1707178173897172,0.05013735593959807,3413,113,0.08623983430798554,False
S05_ZERO_noAHPVT,I(IDGX2==0) -> W4_COG_COMP,W4_COG_COMP,male,-0.2470190272858498,0.026330321156393072,-9.381542512096283,8.847129585979475e-16,-0.2991891835017683,-0.19484887106993126,3413,113,0.08623983430798554,False
S05_ZERO_noAHPVT,I(IDGX2==0) -> W4_COG_COMP,W4_COG_COMP,race_NH-Black,-0.3694829280955644,0.04113163084452234,-8.982938933109914,7.310220285123231e-15,-0.4509799821507978,-0.28798587404033094,3413,113,0.08623983430798554,False
S05_ZERO_noAHPVT,I(IDGX2==0) -> W4_COG_COMP,W4_COG_COMP,race_Hispanic,-0.12268419720961565,0.05110316752047315,-2.4007161035657023,0.018010607652045225,-0.2239385729855834,-0.02142982143364791,3413,113,0.08623983430798554,False
S05_ZERO_noAHPVT,I(IDGX2==0) -> W4_COG_COMP,W4_COG_COMP,race_Other,-0.018751008845183565,0.09577088457992028,-0.19579028561165635,0.8451290965295186,-0.20850874023760937,0.17100672254724222,3413,113,0.08623983430798554,False
S05_ZERO_noAHPVT,I(IDGX2==0) -> W4_COG_COMP,W4_COG_COMP,parent_ed,0.03609582847427017,0.007295228145113982,4.947868353979517,2.664399337150004e-06,0.021641269044448977,0.05055038790409136,3413,113,0.08623983430798554,False
S05_ZERO_noAHPVT,I(IDGX2==0) -> W4_COG_COMP,W4_COG_COMP,cesd_sum,-0.011361939275214616,0.001827638391008869,-6.216732659540352,8.94654052216199e-09,-0.01498317047094547,-0.007740708079483763,3413,113,0.08623983430798554,False
S05_ZERO_noAHPVT,I(IDGX2==0) -> W4_COG_COMP,W4_COG_COMP,srh,-0.0339714420107882,0.014018712739710917,-2.423292540588055,0.01698240977554016,-0.061747724314098806,-0.0061951597074775995,3413,113,0.08623983430798554,False
S05_LEQ1_noAHPVT,I(IDGX2<=1) -> W4_COG_COMP,W4_COG_COMP,const,0.29505745381831383,0.0504860863146666,5.844332079521826,5.090526956678493e-08,0.19502574535102107,0.3950891622856066,3413,113,0.08856447690060709,False
S05_LEQ1_noAHPVT,I(IDGX2<=1) -> W4_COG_COMP,W4_COG_COMP,idg_leq1,-0.10118653927989933,0.0374643694242671,-2.7008739459620252,0.00799012697694682,-0.1754173849192558,-0.02695569364054287,3413,113,0.08856447690060709,False
S05_LEQ1_noAHPVT,I(IDGX2<=1) -> W4_COG_COMP,W4_COG_COMP,male,-0.24113962568101915,0.026738967859694058,-9.018284735085441,6.064661906838158e-15,-0.29411946295710034,-0.18815978840493794,3413,113,0.08856447690060709,False
S05_LEQ1_noAHPVT,I(IDGX2<=1) -> W4_COG_COMP,W4_COG_COMP,race_NH-Black,-0.3662615139070097,0.04110433103361495,-8.910533384121555,1.071449129908705e-14,-0.4477044768863598,-0.28481855092765956,3413,113,0.08856447690060709,False
S05_LEQ1_noAHPVT,I(IDGX2<=1) -> W4_COG_COMP,W4_COG_COMP,race_Hispanic,-0.12126818036445862,0.05135242380302868,-2.3614889304856224,0.01992907959800648,-0.22301642551336273,-0.019519935215554507,3413,113,0.08856447690060709,False
S05_LEQ1_noAHPVT,I(IDGX2<=1) -> W4_COG_COMP,W4_COG_COMP,race_Other,-0.017662348044021673,0.09493196397890748,-0.18605269820337852,0.8527399920508952,-0.20575786580268163,0.1704331697146383,3413,113,0.08856447690060709,False
S05_LEQ1_noAHPVT,I(IDGX2<=1) -> W4_COG_COMP,W4_COG_COMP,parent_ed,0.036095990429285,0.007235354090090146,4.98883537416968,2.241168583328199e-06,0.021760063764530387,0.05043191709403961,3413,113,0.08856447690060709,False
S05_LEQ1_noAHPVT,I(IDGX2<=1) -> W4_COG_COMP,W4_COG_COMP,cesd_sum,-0.011144721302055668,0.0018331900065509659,-6.07941416996036,1.7083856209300852e-08,-0.014776952312348662,-0.007512490291762675,3413,113,0.08856447690060709,False
S05_LEQ1_noAHPVT,I(IDGX2<=1) -> W4_COG_COMP,W4_COG_COMP,srh,-0.032455858806739096,0.013986812280968885,-2.320461457175633,0.022126912390826693,-0.060168934440216607,-0.004742783173261583,3413,113,0.08856447690060709,False
S06,SCHOOL_BELONG -> W4_COG_COMP (full W1),W4_COG_COMP,const,-1.4120426339722514,0.14261023068952458,-9.90141189131372,1.3483507571742962e-17,-1.6941596884108039,-1.1299255795336989,4629,132,0.17317382194671338,True
S06,SCHOOL_BELONG -> W4_COG_COMP (full W1),W4_COG_COMP,school_belong,0.003591937828191729,0.0032055789969837618,1.120527003568312,0.26453928879537514,-0.0027494620841890132,0.009933337740572472,4629,132,0.17317382194671338,True
S06,SCHOOL_BELONG -> W4_COG_COMP (full W1),W4_COG_COMP,male,-0.23880604872492847,0.023532185440924787,-10.14806080482526,3.2832622879014435e-18,-0.28535832487648194,-0.192253772573375,4629,132,0.17317382194671338,True
S06,SCHOOL_BELONG -> W4_COG_COMP (full W1),W4_COG_COMP,race_NH-Black,-0.19755234546575853,0.031116264937544047,-6.348845077077268,3.2771142515756097e-09,-0.25910773996211117,-0.13599695096940592,4629,132,0.17317382194671338,True
S06,SCHOOL_BELONG -> W4_COG_COMP (full W1),W4_COG_COMP,race_Hispanic,-0.03361486145202728,0.04635756061108738,-0.7251214474815912,0.46967080919030635,-0.12532117443758856,0.058091451533534004,4629,132,0.17317382194671338,True
S06,SCHOOL_BELONG -> W4_COG_COMP (full W1),W4_COG_COMP,race_Other,0.03842238900849714,0.07165118457188387,0.5362422022478913,0.5927005804547353,-0.1033207456931127,0.180165523710107,4629,132,0.17317382194671338,True
S06,SCHOOL_BELONG -> W4_COG_COMP (full W1),W4_COG_COMP,parent_ed,0.02019098968310343,0.005971177993977482,3.381408107992765,0.000950944643759966,0.008378575250812828,0.032003404115394034,4629,132,0.17317382194671338,True
S06,SCHOOL_BELONG -> W4_COG_COMP (full W1),W4_COG_COMP,cesd_sum,-0.008153667583798851,0.0014974706806051418,-5.444959750733736,2.469008997274165e-07,-0.011116021795539489,-0.005191313372058214,4629,132,0.17317382194671338,True
S06,SCHOOL_BELONG -> W4_COG_COMP (full W1),W4_COG_COMP,srh,-0.01301243415808866,0.0136067675196497,-0.9563207528384124,0.340671704967507,-0.03992986605980786,0.013904997743630538,4629,132,0.17317382194671338,True
S06,SCHOOL_BELONG -> W4_COG_COMP (full W1),W4_COG_COMP,ahpvt,0.023124062759310907,0.0015122459878074025,15.29120456972636,6.343206241773314e-31,0.020132479465433787,0.026115646053188026,4629,132,0.17317382194671338,True
S06_noAHPVT,SCHOOL_BELONG -> W4_COG_COMP (full W1),W4_COG_COMP,const,0.18505146819041063,0.08729685672686703,2.119795318282726,0.03590946591562673,0.012357461859649449,0.3577454745211718,4828,132,0.08776553256343056,False
S06_noAHPVT,SCHOOL_BELONG -> W4_COG_COMP (full W1),W4_COG_COMP,school_belong,0.002984515128548616,0.0031913782966399157,0.9351806182585441,0.3514159180182301,-0.003328792411127868,0.0092978226682251,4828,132,0.08776553256343056,False
S06_noAHPVT,SCHOOL_BELONG -> W4_COG_COMP (full W1),W4_COG_COMP,male,-0.2183538964945592,0.025695491265069134,-8.497751385333231,3.732736033529673e-14,-0.26918570759957655,-0.16752208538954183,4828,132,0.08776553256343056,False
S06_noAHPVT,SCHOOL_BELONG -> W4_COG_COMP (full W1),W4_COG_COMP,race_NH-Black,-0.39128789642448736,0.038541234324998404,-10.152448495161256,3.2016738856489866e-18,-0.46753165151570797,-0.31504414133326675,4828,132,0.08776553256343056,False
S06_noAHPVT,SCHOOL_BELONG -> W4_COG_COMP (full W1),W4_COG_COMP,race_Hispanic,-0.20506385366622526,0.04483097885379729,-4.574155169240876,1.09505315076669e-05,-0.2937502237862293,-0.11637748354622127,4828,132,0.08776553256343056,False
S06_noAHPVT,SCHOOL_BELONG -> W4_COG_COMP (full W1),W4_COG_COMP,race_Other,-0.035149403972865756,0.07559999012599121,-0.4649392667153461,0.6427468434928416,-0.18470421800553774,0.11440541005980623,4828,132,0.08776553256343056,False
S06_noAHPVT,SCHOOL_BELONG -> W4_COG_COMP (full W1),W4_COG_COMP,parent_ed,0.03322536315159684,0.0064577591645378785,5.145029770396287,9.535988506668053e-07,0.02045037509523983,0.04600035120795385,4828,132,0.08776553256343056,False
S06_noAHPVT,SCHOOL_BELONG -> W4_COG_COMP (full W1),W4_COG_COMP,cesd_sum,-0.012058312270930946,0.0015285136455519693,-7.88891372086934,1.0581158156855024e-12,-0.015082076872301377,-0.009034547669560515,4828,132,0.08776553256343056,False
S06_noAHPVT,SCHOOL_BELONG -> W4_COG_COMP (full W1),W4_COG_COMP,srh,-0.023356010049144976,0.013338839191976284,-1.7509777060056564,0.08229049464056962,-0.04974341580730908,0.003031395709019124,4828,132,0.08776553256343056,False
S07,H1FS13 + H1FS14 -> W4_COG_COMP,W4_COG_COMP,const,-1.3567224516531657,0.1458853662566423,-9.299921482641462,4.1408272693017073e-16,-1.6453185054917947,-1.0681263978145368,4710,132,0.1734217032605755,True
S07,H1FS13 + H1FS14 -> W4_COG_COMP,W4_COG_COMP,lonely,0.003943805816383238,0.020098473493813256,0.19622414695311194,0.8447388022102725,-0.0358157690287784,0.04370338066154488,4710,132,0.1734217032605755,True
S07,H1FS13 + H1FS14 -> W4_COG_COMP,W4_COG_COMP,unfriendly,0.000833748845069214,0.022635863767962835,0.03683309166444277,0.9706741575343244,-0.04394538922948346,0.045612886919621884,4710,132,0.1734217032605755,True
S07,H1FS13 + H1FS14 -> W4_COG_COMP,W4_COG_COMP,male,-0.24036274925923581,0.024579502810223877,-9.778991508292698,2.714065351668721e-17,-0.2889868689935421,-0.1917386295249295,4710,132,0.1734217032605755,True
S07,H1FS13 + H1FS14 -> W4_COG_COMP,W4_COG_COMP,race_NH-Black,-0.19847683580478623,0.03345886562233295,-5.9319654780019775,2.5125643549931507e-08,-0.26466645325781574,-0.13228721835175672,4710,132,0.1734217032605755,True
S07,H1FS13 + H1FS14 -> W4_COG_COMP,W4_COG_COMP,race_Hispanic,-0.03969409094191842,0.04610786492569649,-0.8608963135874116,0.3908681002706683,-0.1309064462995599,0.05151826441572306,4710,132,0.1734217032605755,True
S07,H1FS13 + H1FS14 -> W4_COG_COMP,W4_COG_COMP,race_Other,0.048246100016065996,0.07179238141170184,0.6720225609928311,0.502752822412865,-0.09377635571568932,0.1902685557478213,4710,132,0.1734217032605755,True
S07,H1FS13 + H1FS14 -> W4_COG_COMP,W4_COG_COMP,parent_ed,0.01989356450907915,0.00601220416603622,3.3088637643845615,0.0012098370618526984,0.007999990522104856,0.03178713849605344,4710,132,0.1734217032605755,True
S07,H1FS13 + H1FS14 -> W4_COG_COMP,W4_COG_COMP,cesd_sum,-0.008355717018668938,0.0024646247499783068,-3.3902593158420906,0.0009231782489956707,-0.013231332683817064,-0.0034801013535208127,4710,132,0.1734217032605755,True
S07,H1FS13 + H1FS14 -> W4_COG_COMP,W4_COG_COMP,srh,-0.013094768676738363,0.014742617064630495,-0.888225517852896,0.3760474408558521,-0.04225918192310586,0.016069644569629133,4710,132,0.1734217032605755,True
S07,H1FS13 + H1FS14 -> W4_COG_COMP,W4_COG_COMP,ahpvt,0.023451967028138905,0.0017156546814558488,13.66939820794143,5.509019429081506e-27,0.020057992817271924,0.026845941239005886,4710,132,0.1734217032605755,True
S07_noAHPVT,H1FS13 + H1FS14 -> W4_COG_COMP,W4_COG_COMP,const,0.2555562467331852,0.0526634570875898,4.852629524646367,3.4044918650775884e-06,0.1513753663134098,0.35973712715296063,4913,132,0.08771935247788787,False
S07_noAHPVT,H1FS13 + H1FS14 -> W4_COG_COMP,W4_COG_COMP,lonely,0.05317882043742363,0.02012802838529672,2.642028291070481,0.009244870547832821,0.013360778966906628,0.09299686190794063,4913,132,0.08771935247788787,False
S07_noAHPVT,H1FS13 + H1FS14 -> W4_COG_COMP,W4_COG_COMP,unfriendly,0.013267579195714824,0.026378698803537166,0.5029656426394978,0.6158330043734888,-0.038915779392192706,0.06545093778362235,4913,132,0.08771935247788787,False
S07_noAHPVT,H1FS13 + H1FS14 -> W4_COG_COMP,W4_COG_COMP,male,-0.21777907640480756,0.02732562773075308,-7.969773962766552,6.815840415331261e-13,-0.2718356862904457,-0.16372246651916944,4913,132,0.08771935247788787,False
S07_noAHPVT,H1FS13 + H1FS14 -> W4_COG_COMP,W4_COG_COMP,race_NH-Black,-0.3963418798410103,0.040055810442682215,-9.894741248792231,1.4007812228697972e-17,-0.47558182777883096,-0.3171019319031897,4913,132,0.08771935247788787,False
S07_noAHPVT,H1FS13 + H1FS14 -> W4_COG_COMP,W4_COG_COMP,race_Hispanic,-0.21800637436586365,0.04570480643222719,-4.769878517900119,4.839601429538328e-06,-0.30842138387816004,-0.12759136485356726,4913,132,0.08771935247788787,False
S07_noAHPVT,H1FS13 + H1FS14 -> W4_COG_COMP,W4_COG_COMP,race_Other,-0.028043238752820138,0.07564481989971526,-0.3707225265391331,0.7114429996469662,-0.177686736771578,0.12160025926593773,4913,132,0.08771935247788787,False
S07_noAHPVT,H1FS13 + H1FS14 -> W4_COG_COMP,W4_COG_COMP,parent_ed,0.03208853361046504,0.006446815680874063,4.977423769949393,1.9888275630426435e-06,0.01933519437524523,0.04484187284568485,4913,132,0.08771935247788787,False
S07_noAHPVT,H1FS13 + H1FS14 -> W4_COG_COMP,W4_COG_COMP,cesd_sum,-0.01563933616689919,0.0025350386735726103,-6.169269262018316,7.948306693392329e-09,-0.02065424736939999,-0.01062442496439839,4913,132,0.08771935247788787,False
S07_noAHPVT,H1FS13 + H1FS14 -> W4_COG_COMP,W4_COG_COMP,srh,-0.020965398332384373,0.014041703802104002,-1.4930807990154962,0.13782061465216813,-0.04874323795016426,0.006812441285395515,4913,132,0.08771935247788787,False
S09_sex,IDGX2 × sex on W4_COG_COMP,W4_COG_COMP,const,-1.162022014120016,0.1201922489302677,-9.668027884179036,1.928205565615684e-16,-1.400167548517045,-0.9238764797229868,3268,113,0.15700821127366726,True
S09_sex,IDGX2 × sex on W4_COG_COMP,W4_COG_COMP,idgx2_c,0.00614071461448094,0.00560403455945063,1.0957667282984995,0.27553152993654273,-0.00496296151120729,0.01724439074016917,3268,113,0.15700821127366726,True
S09_sex,IDGX2 × sex on W4_COG_COMP,W4_COG_COMP,idgx2_x_male,0.0057839208475595205,0.007993059659938937,0.7236178752109685,0.47080901268185765,-0.010053302277268274,0.021621143972387315,3268,113,0.15700821127366726,True
S09_sex,IDGX2 × sex on W4_COG_COMP,W4_COG_COMP,male,-0.25487696883729893,0.026648940611563657,-9.564243943217063,3.349941206939257e-16,-0.3076784286613637,-0.20207550901323418,3268,113,0.15700821127366726,True
S09_sex,IDGX2 × sex on W4_COG_COMP,W4_COG_COMP,race_NH-Black,-0.1789261251171619,0.0358155981010204,-4.99575979751862,2.1764150326870063e-06,-0.24989014172746105,-0.10796210850686278,3268,113,0.15700821127366726,True
S09_sex,IDGX2 × sex on W4_COG_COMP,W4_COG_COMP,race_Hispanic,0.04388141873731699,0.05282398888819861,0.8307100554293908,0.4079048057821475,-0.06078254399509887,0.14854538146973284,3268,113,0.15700821127366726,True
S09_sex,IDGX2 × sex on W4_COG_COMP,W4_COG_COMP,race_Other,0.047268624492255606,0.09542654071414874,0.4953404381895105,0.6213302953260745,-0.14180683366990493,0.23634408265441614,3268,113,0.15700821127366726,True
S09_sex,IDGX2 × sex on W4_COG_COMP,W4_COG_COMP,parent_ed,0.025866891644546496,0.0067277486985081476,3.844806458107209,0.00020076298399035892,0.012536719995751707,0.039197063293341286,3268,113,0.15700821127366726,True
S09_sex,IDGX2 × sex on W4_COG_COMP,W4_COG_COMP,cesd_sum,-0.008029401094903323,0.001685092420797543,-4.764961847673056,5.70976383719753e-06,-0.011368195722933258,-0.004690606466873389,3268,113,0.15700821127366726,True
S09_sex,IDGX2 × sex on W4_COG_COMP,W4_COG_COMP,srh,-0.026065819897312836,0.014162773674606529,-1.8404459815698495,0.06835015643467898,-0.05412754047665033,0.001995900682024661,3268,113,0.15700821127366726,True
S09_sex,IDGX2 × sex on W4_COG_COMP,W4_COG_COMP,ahpvt,0.0209061608994236,0.0015114223385246776,13.832110566680141,5.538509773047768e-26,0.01791147127749637,0.023900850521350832,3268,113,0.15700821127366726,True
S09_parented,IDGX2 × parent_ed on W4_COG_COMP,W4_COG_COMP,const,-1.1674728813801196,0.12113086136946918,-9.63811260137195,2.2610940743604133e-16,-1.4074781560092748,-0.9274676067509643,3268,113,0.1571827475521741,True
S09_parented,IDGX2 × parent_ed on W4_COG_COMP,W4_COG_COMP,idgx2_c,0.009074458874312427,0.0037689574474354184,2.4076840879397907,0.017687520006240093,0.0016067528164957446,0.016542164932129108,3268,113,0.1571827475521741,True
S09_parented,IDGX2 × parent_ed on W4_COG_COMP,W4_COG_COMP,idgx2_x_parented,0.0019394036208139542,0.001681405125826246,1.1534421960685572,0.251184511352354,-0.0013920851048867173,0.005270892346514625,3268,113,0.1571827475521741,True
S09_parented,IDGX2 × parent_ed on W4_COG_COMP,W4_COG_COMP,male,-0.254115449737081,0.0265578410183727,-9.568377548509462,3.2770772199495115e-16,-0.30673640739485053,-0.2014944920793115,3268,113,0.1571827475521741,True
S09_parented,IDGX2 × parent_ed on W4_COG_COMP,W4_COG_COMP,race_NH-Black,-0.1767217292571424,0.0359977965144756,-4.909237408075193,3.134110764430802e-06,-0.24804674866857687,-0.10539670984570795,3268,113,0.1571827475521741,True
S09_parented,IDGX2 × parent_ed on W4_COG_COMP,W4_COG_COMP,race_Hispanic,0.04450036062043409,0.052619631279857686,0.8456988302285656,0.3995239283163228,-0.059758693706659545,0.14875941494752773,3268,113,0.1571827475521741,True
S09_parented,IDGX2 × parent_ed on W4_COG_COMP,W4_COG_COMP,race_Other,0.05095668618030255,0.09498127994262077,0.5364918877813191,0.5926826764348746,-0.1372365448388824,0.2391499171994875,3268,113,0.1571827475521741,True
S09_parented,IDGX2 × parent_ed on W4_COG_COMP,W4_COG_COMP,parent_ed,0.025643030954547306,0.00663136973893904,3.86692824620724,0.0001853683347024347,0.01250382185978985,0.038782240049304764,3268,113,0.1571827475521741,True
S09_parented,IDGX2 × parent_ed on W4_COG_COMP,W4_COG_COMP,cesd_sum,-0.0079962629401384,0.0016999215760477755,-4.703901081560052,7.336486263449504e-06,-0.011364439638419571,-0.0046280862418572296,3268,113,0.1571827475521741,True
S09_parented,IDGX2 × parent_ed on W4_COG_COMP,W4_COG_COMP,srh,-0.025745579734535715,0.014143397390603437,-1.820324991479099,0.07137982130176392,-0.05376890869087245,0.0022777492218010176,3268,113,0.1571827475521741,True
S09_parented,IDGX2 × parent_ed on W4_COG_COMP,W4_COG_COMP,ahpvt,0.02094856175355711,0.0015266806155957411,13.721639968149177,9.770982610674884e-26,0.0179236398114977,0.02397348369561652,3268,113,0.1571827475521741,True
S10_nominees,FRIEND_N_NOMINEES -> W4_COG_COMP (full W1),W4_COG_COMP,const,-1.3689347986659042,0.14261587610068896,-9.598754613402336,7.585176526939753e-17,-1.651063021074392,-1.0868065762574164,4710,132,0.17366239225672342,True
S10_nominees,FRIEND_N_NOMINEES -> W4_COG_COMP (full W1),W4_COG_COMP,friend_n,0.004831047488772736,0.004506025002797669,1.0721306441427354,0.28563250057273903,-0.004082944830497292,0.013745039808042763,4710,132,0.17366239225672342,True
S10_nominees,FRIEND_N_NOMINEES -> W4_COG_COMP (full W1),W4_COG_COMP,male,-0.23984060695094625,0.02432730307323265,-9.858906522804949,1.719279383413004e-17,-0.28796581544595273,-0.19171539845593977,4710,132,0.17366239225672342,True
S10_nominees,FRIEND_N_NOMINEES -> W4_COG_COMP (full W1),W4_COG_COMP,race_NH-Black,-0.19605890785910396,0.03323426366159976,-5.899300488659194,2.938453536142062e-08,-0.26180420905742435,-0.13031360666078357,4710,132,0.17366239225672342,True
S10_nominees,FRIEND_N_NOMINEES -> W4_COG_COMP (full W1),W4_COG_COMP,race_Hispanic,-0.04015047302370375,0.04616218514016095,-0.8697697672195542,0.38601712858255244,-0.13147028672305808,0.05116934067565057,4710,132,0.17366239225672342,True
S10_nominees,FRIEND_N_NOMINEES -> W4_COG_COMP (full W1),W4_COG_COMP,race_Other,0.04757261546510451,0.07192067410943556,0.6614595323830991,0.5094794126715134,-0.09470363382560949,0.18984886475581852,4710,132,0.17366239225672342,True
S10_nominees,FRIEND_N_NOMINEES -> W4_COG_COMP (full W1),W4_COG_COMP,parent_ed,0.019762313588857043,0.006042230203736967,3.2706985537615814,0.0013711612002253628,0.007809340936922746,0.03171528624079134,4710,132,0.17366239225672342,True
S10_nominees,FRIEND_N_NOMINEES -> W4_COG_COMP (full W1),W4_COG_COMP,cesd_sum,-0.008084928862486738,0.001472699383697328,-5.489870473218293,2.0090739641419842e-07,-0.01099827954001762,-0.005171578184955856,4710,132,0.17366239225672342,True
S10_nominees,FRIEND_N_NOMINEES -> W4_COG_COMP (full W1),W4_COG_COMP,srh,-0.013461917771557544,0.014607162221190208,-0.9215970609286936,0.35843294077652116,-0.04235836902630605,0.01543453348319096,4710,132,0.17366239225672342,True
S10_nominees,FRIEND_N_NOMINEES -> W4_COG_COMP (full W1),W4_COG_COMP,ahpvt,0.02340899881982739,0.0016946737188115162,13.813277777296415,2.440952286197341e-27,0.02005652995785358,0.0267614676818012,4710,132,0.17366239225672342,True
S10_contact,FRIEND_CONTACT_SUM -> W4_COG_COMP,W4_COG_COMP,const,-1.3638409530329099,0.14376721481158136,-9.486453186286836,1.4369196998240797e-16,-1.6482467980509927,-1.079435108014827,4710,132,0.17354466094798815,True
S10_contact,FRIEND_CONTACT_SUM -> W4_COG_COMP,W4_COG_COMP,friend_contact,0.0013416131378426977,0.001730452124045898,0.775296305052305,0.4395618744006776,-0.0020816339442379676,0.004764860219923363,4710,132,0.17354466094798815,True
S10_contact,FRIEND_CONTACT_SUM -> W4_COG_COMP,W4_COG_COMP,male,-0.23944990616171913,0.02434924675631012,-9.833975915483528,1.9825476398154328e-17,-0.2876185244962821,-0.19128128782715614,4710,132,0.17354466094798815,True
S10_contact,FRIEND_CONTACT_SUM -> W4_COG_COMP,W4_COG_COMP,race_NH-Black,-0.19651536919628013,0.03323087036970047,-5.913638945053351,2.7434283612275304e-08,-0.2622539576537905,-0.13077678073876975,4710,132,0.17354466094798815,True
S10_contact,FRIEND_CONTACT_SUM -> W4_COG_COMP,W4_COG_COMP,race_Hispanic,-0.039614663520704974,0.04624641260713267,-0.8565997076840319,0.3932303833536977,-0.13110109924128452,0.05187177219987457,4710,132,0.17354466094798815,True
S10_contact,FRIEND_CONTACT_SUM -> W4_COG_COMP,W4_COG_COMP,race_Other,0.048080365215781656,0.07185462428283794,0.669133903289581,0.5045876051264179,-0.09406522176244744,0.19022595219401076,4710,132,0.17354466094798815,True
S10_contact,FRIEND_CONTACT_SUM -> W4_COG_COMP,W4_COG_COMP,parent_ed,0.01982861706672781,0.006040840220458402,3.282427004040696,0.0013195653431498778,0.007878394133284058,0.03177884000017156,4710,132,0.17354466094798815,True
S10_contact,FRIEND_CONTACT_SUM -> W4_COG_COMP,W4_COG_COMP,cesd_sum,-0.008137916633715011,0.0014831352536186979,-5.486968645549575,2.03607238682023e-07,-0.011071911951314743,-0.00520392131611528,4710,132,0.17354466094798815,True
S10_contact,FRIEND_CONTACT_SUM -> W4_COG_COMP,W4_COG_COMP,srh,-0.01318551767148091,0.014538739303906948,-0.9069230416654908,0.36611270796198403,-0.041946612074293094,0.015575576731331277,4710,132,0.17354466094798815,True
S10_contact,FRIEND_CONTACT_SUM -> W4_COG_COMP,W4_COG_COMP,ahpvt,0.02339385247833608,0.001686025554894472,13.87514703464877,1.7209380465872925e-27,0.020058491747516546,0.02672921320915561,4710,132,0.17354466094798815,True
S10_disclose,FRIEND_DISCLOSURE_ANY -> W4_COG_COMP,W4_COG_COMP,const,-1.3683137147230748,0.14324384912767876,-9.552338359069394,9.878949647759015e-17,-1.651684217575151,-1.0849432118709987,4710,132,0.17393901697008285,True
S10_disclose,FRIEND_DISCLOSURE_ANY -> W4_COG_COMP,W4_COG_COMP,friend_disclose,0.03997526337853342,0.024422101613491166,1.6368478033213338,0.10406241514198723,-0.008337479242275243,0.08828800599934208,4710,132,0.17393901697008285,True
S10_disclose,FRIEND_DISCLOSURE_ANY -> W4_COG_COMP,W4_COG_COMP,male,-0.23044937980764782,0.024037378403954514,-9.587126180521224,8.104390029753988e-17,-0.27800104814841464,-0.18289771146688097,4710,132,0.17393901697008285,True
S10_disclose,FRIEND_DISCLOSURE_ANY -> W4_COG_COMP,W4_COG_COMP,race_NH-Black,-0.19706254475729695,0.03340821972895891,-5.898624540788662,2.9479757712051972e-08,-0.2631519725522002,-0.13097311696239372,4710,132,0.17393901697008285,True
S10_disclose,FRIEND_DISCLOSURE_ANY -> W4_COG_COMP,W4_COG_COMP,race_Hispanic,-0.040601515942096066,0.046162295622469846,-0.8795384933658492,0.3807199376138573,-0.13192154820181176,0.05071851631761962,4710,132,0.17393901697008285,True
S10_disclose,FRIEND_DISCLOSURE_ANY -> W4_COG_COMP,W4_COG_COMP,race_Other,0.04648417100856891,0.07170569009087226,0.6482633518994065,0.5179493059879933,-0.09536678861130451,0.18833513062844234,4710,132,0.17393901697008285,True
S10_disclose,FRIEND_DISCLOSURE_ANY -> W4_COG_COMP,W4_COG_COMP,parent_ed,0.019831798766877542,0.0060045653258660415,3.3027867448535404,0.001234278269805559,0.007953336227922915,0.03171026130583217,4710,132,0.17393901697008285,True
S10_disclose,FRIEND_DISCLOSURE_ANY -> W4_COG_COMP,W4_COG_COMP,cesd_sum,-0.008462962832662709,0.0015006847584024734,-5.639400803718298,1.0044547628202804e-07,-0.011431675256970112,-0.005494250408355305,4710,132,0.17393901697008285,True
S10_disclose,FRIEND_DISCLOSURE_ANY -> W4_COG_COMP,W4_COG_COMP,srh,-0.012798660563256313,0.014445302019486114,-0.8860085130786085,0.3772364870767187,-0.04137491372902617,0.01577759260251355,4710,132,0.17393901697008285,True
S10_disclose,FRIEND_DISCLOSURE_ANY -> W4_COG_COMP,W4_COG_COMP,ahpvt,0.02317987835785001,0.0016972537717909553,13.657284928812045,5.900229264804583e-27,0.019822305535639018,0.026537451180061004,4710,132,0.17393901697008285,True
S10_nominees_noAHPVT,FRIEND_N_NOMINEES -> W4_COG_COMP (full W1),W4_COG_COMP,const,0.21845746617615225,0.05547294369267685,3.9380903848625484,0.00013278640480395078,0.1087187510787421,0.3281961812735624,4913,132,0.08714253016518259,False
S10_nominees_noAHPVT,FRIEND_N_NOMINEES -> W4_COG_COMP (full W1),W4_COG_COMP,friend_n,0.009231769696184418,0.005564602819606638,1.6590168239243737,0.09950473395148568,-0.0017763420570714693,0.020239881449440306,4913,132,0.08714253016518259,False
S10_nominees_noAHPVT,FRIEND_N_NOMINEES -> W4_COG_COMP (full W1),W4_COG_COMP,male,-0.219012590790114,0.027274926622720172,-8.02981411534487,4.912332626216136e-13,-0.2729689017898598,-0.16505627979036827,4913,132,0.08714253016518259,False
S10_nominees_noAHPVT,FRIEND_N_NOMINEES -> W4_COG_COMP (full W1),W4_COG_COMP,race_NH-Black,-0.3893018467273772,0.03950069445622555,-9.855569682674803,1.7523852583055623e-17,-0.4674436428270464,-0.311160050627708,4913,132,0.08714253016518259,False
S10_nominees_noAHPVT,FRIEND_N_NOMINEES -> W4_COG_COMP (full W1),W4_COG_COMP,race_Hispanic,-0.21919232019457371,0.045532513955220455,-4.813973601592507,4.014357831677548e-06,-0.3092664940888359,-0.12911814630031154,4913,132,0.08714253016518259,False
S10_nominees_noAHPVT,FRIEND_N_NOMINEES -> W4_COG_COMP (full W1),W4_COG_COMP,race_Other,-0.02864029759588353,0.07616468694255338,-0.37603118644057776,0.7075019827166741,-0.17931221663405947,0.12203162144229242,4913,132,0.08714253016518259,False
S10_nominees_noAHPVT,FRIEND_N_NOMINEES -> W4_COG_COMP (full W1),W4_COG_COMP,parent_ed,0.032293461021812506,0.006500303340800803,4.967992927209166,2.071893686600648e-06,0.019434310436352367,0.045152611607272644,4913,132,0.08714253016518259,False
S10_nominees_noAHPVT,FRIEND_N_NOMINEES -> W4_COG_COMP (full W1),W4_COG_COMP,cesd_sum,-0.011939177450809748,0.0015530889752929545,-7.687375057541502,3.146296574986914e-12,-0.015011557916588088,-0.008866796985031407,4913,132,0.08714253016518259,False
S10_nominees_noAHPVT,FRIEND_N_NOMINEES -> W4_COG_COMP (full W1),W4_COG_COMP,srh,-0.022486561503703702,0.013812529179671526,-1.6279829140052142,0.1059312514357687,-0.049811039051174094,0.004837916043766693,4913,132,0.08714253016518259,False
S10_contact_noAHPVT,FRIEND_CONTACT_SUM -> W4_COG_COMP,W4_COG_COMP,const,0.2157704516712498,0.056235784314446265,3.8368888120196645,0.0001929000207072754,0.10452265585656494,0.32701824748593467,4913,132,0.08738860505267931,False
S10_contact_noAHPVT,FRIEND_CONTACT_SUM -> W4_COG_COMP,W4_COG_COMP,friend_contact,0.003957387450945716,0.002098638360536544,1.885692897529024,0.061550739271835235,-0.0001942198337749352,0.008108994735666368,4913,132,0.08738860505267931,False
S10_contact_noAHPVT,FRIEND_CONTACT_SUM -> W4_COG_COMP,W4_COG_COMP,male,-0.21705812687414808,0.027393948548076245,-7.923579417301311,8.764363197660872e-13,-0.2712498916336466,-0.16286636211464955,4913,132,0.08738860505267931,False
S10_contact_noAHPVT,FRIEND_CONTACT_SUM -> W4_COG_COMP,W4_COG_COMP,race_NH-Black,-0.3873844088420104,0.039136643878507696,-9.89825315743915,1.3729293623368817e-17,-0.46480602605860905,-0.3099627916254118,4913,132,0.08738860505267931,False
S10_contact_noAHPVT,FRIEND_CONTACT_SUM -> W4_COG_COMP,W4_COG_COMP,race_Hispanic,-0.2172557158538774,0.04558049207106143,-4.766418833635426,4.910888376617002e-06,-0.30742480190593585,-0.12708662980181895,4913,132,0.08738860505267931,False
S10_contact_noAHPVT,FRIEND_CONTACT_SUM -> W4_COG_COMP,W4_COG_COMP,race_Other,-0.02755703452256708,0.07634622904670449,-0.36094820748395023,0.7187195805204434,-0.17858808714766775,0.12347401810253358,4913,132,0.08738860505267931,False
S10_contact_noAHPVT,FRIEND_CONTACT_SUM -> W4_COG_COMP,W4_COG_COMP,parent_ed,0.03224256635806206,0.0064978767287656595,4.962015702041008,2.1262752579597313e-06,0.019388216190049604,0.04509691652607452,4913,132,0.08738860505267931,False
S10_contact_noAHPVT,FRIEND_CONTACT_SUM -> W4_COG_COMP,W4_COG_COMP,cesd_sum,-0.01207084090028833,0.0015586641355638624,-7.744350193777687,2.3143424966947125e-12,-0.015154250362976967,-0.008987431437599691,4913,132,0.08738860505267931,False
S10_contact_noAHPVT,FRIEND_CONTACT_SUM -> W4_COG_COMP,W4_COG_COMP,srh,-0.02217359824911474,0.013684014079768188,-1.620401595603325,0.10755076745653924,-0.0492438422730833,0.0048966457748538285,4913,132,0.08738860505267931,False
S10_disclose_noAHPVT,FRIEND_DISCLOSURE_ANY -> W4_COG_COMP,W4_COG_COMP,const,0.15861805671732127,0.055469928302911614,2.8595323911568027,0.004938538272942156,0.0488853067801555,0.268350806654487,4913,132,0.09093756908323403,False
S10_disclose_noAHPVT,FRIEND_DISCLOSURE_ANY -> W4_COG_COMP,W4_COG_COMP,friend_disclose,0.11858392801515436,0.02593830119754914,4.571769257824761,1.1058574948402862e-05,0.06727178094399713,0.16989607508631158,4913,132,0.09093756908323403,False
S10_disclose_noAHPVT,FRIEND_DISCLOSURE_ANY -> W4_COG_COMP,W4_COG_COMP,male,-0.19081089874861967,0.027499317523648165,-6.938750337514048,1.6424213201454257e-10,-0.2452111084764338,-0.13641068902080555,4913,132,0.09093756908323403,False
S10_disclose_noAHPVT,FRIEND_DISCLOSURE_ANY -> W4_COG_COMP,W4_COG_COMP,race_NH-Black,-0.383679199759484,0.039098437404492974,-9.813159431159102,2.2329238291809614e-17,-0.4610252354567386,-0.3063331640622294,4913,132,0.09093756908323403,False
S10_disclose_noAHPVT,FRIEND_DISCLOSURE_ANY -> W4_COG_COMP,W4_COG_COMP,race_Hispanic,-0.21553980466055928,0.0448582324710651,-4.804910777516454,4.1719789271395516e-06,-0.3042800889365759,-0.12679952038454267,4913,132,0.09093756908323403,False
S10_disclose_noAHPVT,FRIEND_DISCLOSURE_ANY -> W4_COG_COMP,W4_COG_COMP,race_Other,-0.0293686392863972,0.07610295353259375,-0.385906695116886,0.7001917693821017,-0.17991843491383291,0.1211811563410385,4913,132,0.09093756908323403,False
S10_disclose_noAHPVT,FRIEND_DISCLOSURE_ANY -> W4_COG_COMP,W4_COG_COMP,parent_ed,0.0319245131152586,0.006410241921172858,4.980235302791426,1.964696221332146e-06,0.019243525501004263,0.04460550072951294,4913,132,0.09093756908323403,False
S10_disclose_noAHPVT,FRIEND_DISCLOSURE_ANY -> W4_COG_COMP,W4_COG_COMP,cesd_sum,-0.012924753467894819,0.001528408312405743,-8.456348583678544,4.6964918356833046e-14,-0.015948309695175925,-0.009901197240613712,4913,132,0.09093756908323403,False
S10_disclose_noAHPVT,FRIEND_DISCLOSURE_ANY -> W4_COG_COMP,W4_COG_COMP,srh,-0.020797240276964713,0.013392402706247758,-1.5529132996622397,0.12285645384594301,-0.04729060744335726,0.005696126889427833,4913,132,0.09093756908323403,False
